k__Bacteria|p__Bacteroidota|c__Bacteroidia|o__Bacteroidales|f__Bacteroidaceae|g__Bacteroides|s__Bacteroides_acidifaciens	6080	15562	20830	3	2	17719	14	17385	17181	13843	8977	23261	14741	44126	7912	21258	20083	2019	569	293	1426	787	290	6580	666	9994	9	0	30323	13	0	26567	18283
k__Bacteria|p__Proteobacteria|c__Gammaproteobacteria|o__Enterobacterales|f__Enterobacteriaceae|g__unclassified|s__unclassified_unclassified	2951	6255	6458	8	0	0	0	11274	10780	8465	5575	8762	5599	18805	2770	8494	9141	6	0	0	0	0	0	0	0	4700	13299	9068	18754	1891	32714	9049	11919
k__Bacteria|p__Firmicutes|c__Bacilli|o__Lactobacillales|f__Lactobacillaceae|g__Lactobacillus|s__Lactobacillus_murinus	0	0	0	0	0	0	0	0	0	0	0	0	0	0	0	0	0	1118	801	342	165	46	13	157	336	0	0	0	0	0	0	2	0
k__Bacteria|p__Firmicutes|c__Bacilli|o__Lactobacillales|f__Lactobacillaceae|g__Lactobacillus|s__Lactobacillus_johnsonii	0	0	0	0	0	0	0	0	0	0	0	8	0	0	0	0	0	2287	90	1434	6	0	0	0	16	0	0	0	0	0	0	0	0
k__Bacteria|p__Bacteroidota|c__Bacteroidia|o__Bacteroidales|f__Rikenellaceae|g__Alistipes|s__Alistipes_unclassified	0	0	0	0	0	0	0	0	0	0	0	0	0	0	0	0	0	209	306	313	89	58	40	568	193	0	0	0	0	0	0	0	0
k__Bacteria|p__Bacteroidota|c__Bacteroidia|o__Bacteroidales|f__Bacteroidaceae|g__Bacteroides|s__Bacteroides_vulgatus	0	0	0	0	0	0	0	0	0	0	0	37	0	0	0	0	0	626	748	9	952	323	125	116	7	0	0	0	0	0	0	0	0
k__Bacteria|p__Bacteroidota|c__Bacteroidia|o__Bacteroidales|f__Marinifilaceae|g__Odoribacter|s__Odoribacter_unclassified	0	0	0	0	0	0	0	0	0	0	0	3	0	0	0	0	0	34	147	103	112	40	6	190	301	0	0	0	0	0	0	0	0
k__Bacteria|p__Campilobacterota|c__Campylobacteria|o__Campylobacterales|f__Helicobacteraceae|g__Helicobacter|s__Helicobacter_ganmani	0	0	0	0	0	0	0	0	0	0	0	10	0	0	0	0	0	0	0	0	0	0	0	0	0	0	0	0	0	0	0	0	0
k__Bacteria|p__Bacteroidota|c__Bacteroidia|o__Bacteroidales|f__Muribaculaceae|g__unclassified|s__unclassified_unclassified	0	0	0	0	0	0	0	0	0	0	0	11	0	0	0	0	0	665	605	23	108	155	157	283	34	0	0	0	0	0	0	0	0
k__Bacteria|p__Bacteroidota|c__Bacteroidia|o__Bacteroidales|f__Prevotellaceae|g__Prevotellaceae UCG-001|s__Prevotellaceae UCG-001_unclassified	0	0	0	0	0	0	0	0	0	0	0	0	0	0	0	0	0	2036	947	853	422	625	428	634	223	0	0	0	0	0	2	0	0
k__Bacteria|p__Proteobacteria|c__Gammaproteobacteria|o__Enterobacterales|f__Enterobacteriaceae|g__Escherichia-Shigella|s__Escherichia-Shigella_unclassified	1131	1947	1966	0	0	9689	37536	850	1293	412	772	905	1928	2726	264	1621	1074	0	0	0	0	0	0	0	0	835	877	670	2230	269	0	1033	828
k__Bacteria|p__Bacteroidota|c__Bacteroidia|o__Bacteroidales|f__Muribaculaceae|g__unclassified|s__unclassified_unclassified	0	0	0	0	0	0	0	0	0	0	0	0	0	0	0	0	0	50	180	12	0	23	0	62	0	0	0	0	0	0	0	0	0
k__Bacteria|p__Bacteroidota|c__Bacteroidia|o__Bacteroidales|f__Prevotellaceae|g__Prevotellaceae UCG-001|s__Prevotellaceae UCG-001_unclassified	0	0	0	0	0	0	0	0	0	0	0	0	0	0	0	0	0	0	0	0	24	0	0	0	0	0	0	0	0	0	0	0	0
k__Bacteria|p__Firmicutes|c__Bacilli|o__Lactobacillales|f__Lactobacillaceae|g__Lactobacillus|s__Lactobacillus_reuteri	0	0	0	0	0	0	0	0	0	0	0	6	0	0	0	0	0	779	86	556	0	0	0	4	0	0	0	0	0	0	0	0	0
k__Bacteria|p__Bacteroidota|c__Bacteroidia|o__Bacteroidales|f__Muribaculaceae|g__unclassified|s__unclassified_unclassified	0	0	0	0	0	0	0	0	0	0	0	0	0	0	0	0	0	535	398	344	189	84	14	306	48	0	0	0	0	0	0	0	0
k__Bacteria|p__Bacteroidota|c__Bacteroidia|o__Bacteroidales|f__Bacteroidaceae|g__Bacteroides|s__Bacteroides_unclassified	0	0	0	0	0	0	0	0	0	0	0	12	0	0	0	0	0	2125	668	783	857	214	134	152	198	0	0	0	0	0	0	0	0
k__Bacteria|p__Bacteroidota|c__Bacteroidia|o__Bacteroidales|f__Rikenellaceae|g__Rikenellaceae RC9 gut group|s__Rikenellaceae RC9 gut group_unclassified	0	0	0	0	0	0	0	0	0	0	0	0	0	0	0	0	0	742	824	129	333	124	60	75	103	0	0	0	0	0	0	0	0
k__Bacteria|p__Bacteroidota|c__Bacteroidia|o__Bacteroidales|f__Muribaculaceae|g__unclassified|s__unclassified_unclassified	0	0	0	0	0	0	0	0	0	0	0	0	0	0	0	0	0	162	577	171	237	84	47	38	0	0	0	0	0	0	0	0	0
k__Bacteria|p__Campilobacterota|c__Campylobacteria|o__Campylobacterales|f__Helicobacteraceae|g__Helicobacter|s__Helicobacter_bilis	0	0	0	0	0	45	9	0	0	0	0	5	0	0	0	0	0	163	55	409	101	27	0	245	57	12	0	0	182	0	0	0	0
k__Bacteria|p__Firmicutes|c__Clostridia|o__Lachnospirales|f__Lachnospiraceae|g__Lachnospiraceae UCG-004|s__Lachnospiraceae UCG-004_unclassified	0	0	0	0	0	0	0	0	0	0	0	6	0	0	0	0	0	58	257	262	239	19	25	36	26	0	0	0	0	0	0	0	0
k__Bacteria|p__Firmicutes|c__Clostridia|o__Lachnospirales|f__Lachnospiraceae|g__Lachnoclostridium|s__Lachnoclostridium_unclassified	0	0	0	0	0	0	0	0	0	0	0	0	0	0	0	0	0	68	53	24	61	61	38	108	80	0	0	0	0	0	0	0	0
k__Bacteria|p__Firmicutes|c__Clostridia|o__Lachnospirales|f__Lachnospiraceae|g__Lachnospiraceae NK4A136 group|s__Lachnospiraceae NK4A136 group_unclassified	0	0	0	0	0	0	0	0	0	0	0	0	0	0	0	0	0	134	2308	402	123	0	0	0	0	0	0	0	0	0	0	0	0
k__Bacteria|p__Firmicutes|c__Bacilli|o__Lactobacillales|f__Lactobacillaceae|g__Lactobacillus|s__Lactobacillus_intestinalis	0	0	0	0	0	0	0	0	0	0	0	6	0	0	0	0	0	0	9	1236	0	0	0	0	0	0	0	0	0	0	0	0	0
k__Bacteria|p__Firmicutes|c__Clostridia|o__Oscillospirales|f__Oscillospiraceae|g__Oscillibacter|s__Oscillibacter_unclassified	0	0	0	0	0	0	0	0	0	0	0	0	0	0	0	0	0	34	128	79	209	38	18	284	78	0	0	0	0	0	0	0	0
k__Bacteria|p__Bacteroidota|c__Bacteroidia|o__Bacteroidales|f__Muribaculaceae|g__unclassified|s__unclassified_unclassified	0	0	0	0	0	0	0	0	0	0	0	5	0	0	0	0	0	0	0	0	0	0	0	0	0	0	0	0	0	0	0	0	0
k__Bacteria|p__Firmicutes|c__Clostridia|o__Lachnospirales|f__Lachnospiraceae|g__Lachnospiraceae NK4A136 group|s__Lachnospiraceae NK4A136 group_unclassified	0	0	0	0	0	0	0	0	0	0	0	0	0	0	0	0	0	0	126	107	225	59	0	43	80	0	0	0	0	0	0	0	0
k__Bacteria|p__Bacteroidota|c__Bacteroidia|o__Bacteroidales|f__Tannerellaceae|g__Parabacteroides|s__Parabacteroides_unclassified	0	0	0	0	0	0	0	0	0	0	0	0	0	0	0	0	0	312	75	0	47	31	72	59	0	0	0	0	0	0	0	0	0
k__Bacteria|p__Bacteroidota|c__Bacteroidia|o__Bacteroidales|f__Muribaculaceae|g__unclassified|s__unclassified_unclassified	0	0	0	0	0	0	0	0	0	0	0	0	0	0	0	0	0	42	51	12	9	10	13	19	0	0	0	0	0	0	0	0	0
k__Bacteria|p__Firmicutes|c__Clostridia|o__Lachnospirales|f__Lachnospiraceae|g__Lachnospiraceae FCS020 group|s__Lachnospiraceae FCS020 group_unclassified	0	0	0	0	0	0	0	0	0	0	0	0	0	0	0	0	0	197	287	9	64	18	67	57	80	0	0	0	0	0	0	0	0
k__Bacteria|p__Bacteroidota|c__Bacteroidia|o__Bacteroidales|f__Rikenellaceae|g__Alistipes|s__Alistipes_unclassified	0	0	0	0	0	0	0	0	0	0	0	2	0	0	0	0	0	0	0	0	0	0	0	0	0	0	0	0	0	0	0	0	0
k__Bacteria|p__Bacteroidota|c__Bacteroidia|o__Bacteroidales|f__Bacteroidaceae|g__Bacteroides|s__Bacteroides_unclassified	0	0	0	0	0	0	0	0	0	0	0	0	0	0	0	0	0	61	17	7	15	9	0	0	19	0	0	0	0	0	0	0	0
k__Bacteria|p__Bacteroidota|c__Bacteroidia|o__Bacteroidales|f__Bacteroidaceae|g__Bacteroides|s__Bacteroides_unclassified	0	0	0	0	0	0	0	0	0	0	0	0	0	0	0	0	0	0	0	0	0	0	37	0	0	0	0	0	0	0	0	0	0
k__Bacteria|p__Firmicutes|c__Clostridia|o__Lachnospirales|f__Lachnospiraceae|g__A2|s__A2_unclassified	0	0	0	0	0	0	0	0	0	0	0	0	0	0	0	0	0	129	1332	188	272	86	11	306	239	0	0	0	0	0	0	0	0
k__Bacteria|p__Firmicutes|c__Clostridia|o__Lachnospirales|f__Lachnospiraceae|g__Lachnospiraceae UCG-001|s__Lachnospiraceae UCG-001_unclassified	0	0	0	0	0	0	0	0	0	0	0	0	0	0	0	0	0	436	0	361	123	592	400	1252	0	0	0	0	0	0	4	0	0
k__Bacteria|p__Firmicutes|c__Clostridia|o__Lachnospirales|f__Lachnospiraceae|g__Lachnospiraceae NK4A136 group|s__Lachnospiraceae NK4A136 group_bacterium	0	0	0	0	0	0	0	0	0	0	0	0	0	0	0	0	0	0	0	0	32	0	0	0	0	0	0	0	0	0	0	0	0
k__Bacteria|p__Bacteroidota|c__Bacteroidia|o__Bacteroidales|f__Muribaculaceae|g__unclassified|s__unclassified_unclassified	0	0	0	0	0	0	0	0	0	0	0	0	0	0	0	0	0	294	183	37	37	41	16	0	26	0	0	0	0	0	0	0	0
k__Bacteria|p__Firmicutes|c__Clostridia|o__Oscillospirales|f__Oscillospiraceae|g__unclassified|s__unclassified_unclassified	0	0	0	0	0	0	0	0	0	0	0	3	0	0	0	0	0	0	94	0	35	0	0	0	69	0	0	0	0	0	0	0	0
k__Bacteria|p__Firmicutes|c__Clostridia|o__Lachnospirales|f__Lachnospiraceae|g__Lachnospiraceae NK4A136 group|s__Lachnospiraceae NK4A136 group_bacterium	0	0	0	0	0	0	0	0	0	0	0	0	0	0	0	0	0	0	23	40	29	0	0	0	37	0	0	0	0	0	0	0	0
k__Bacteria|p__Bacteroidota|c__Bacteroidia|o__Bacteroidales|f__Muribaculaceae|g__unclassified|s__unclassified_unclassified	0	0	0	0	0	0	0	0	0	0	0	0	0	0	0	0	0	379	453	129	100	59	73	422	57	0	0	0	0	0	0	0	0
k__Bacteria|p__Firmicutes|c__Clostridia|o__Lachnospirales|f__Lachnospiraceae|g__[Eubacterium] xylanophilum group|s__[Eubacterium] xylanophilum group_unclassified	0	0	0	0	0	0	0	0	0	0	0	0	0	0	0	0	0	10	12	65	67	0	0	11	43	0	0	0	0	0	0	0	0
k__Bacteria|p__Bacteroidota|c__Bacteroidia|o__Bacteroidales|f__Muribaculaceae|g__Muribaculum|s__Muribaculum_unclassified	0	0	0	0	0	0	0	0	0	0	0	0	0	0	0	0	0	177	175	21	62	44	50	57	0	0	0	0	0	0	0	0	0
k__Bacteria|p__Bacteroidota|c__Bacteroidia|o__Bacteroidales|f__Prevotellaceae|g__Prevotellaceae UCG-001|s__Prevotellaceae UCG-001_unclassified	0	0	0	0	0	0	0	0	0	0	0	0	0	0	0	0	0	30	40	0	10	19	12	0	0	0	0	0	0	0	0	0	0
k__Bacteria|p__Firmicutes|c__Clostridia|o__Lachnospirales|f__Lachnospiraceae|g__Roseburia|s__Roseburia_unclassified	0	0	0	0	0	0	0	0	0	0	0	0	0	0	0	0	0	58	30	402	129	0	0	0	0	0	0	0	0	0	0	0	0
k__Bacteria|p__Bacteroidota|c__Bacteroidia|o__Bacteroidales|f__Bacteroidaceae|g__Bacteroides|s__Bacteroides_caecimuris	0	0	0	0	0	0	0	0	0	0	0	0	0	0	0	0	0	66	68	58	73	0	0	0	0	0	0	0	0	0	0	0	0
k__Bacteria|p__Firmicutes|c__Bacilli|o__Lactobacillales|f__Lactobacillaceae|g__Lactobacillus|s__Lactobacillus_unclassified	0	0	0	0	0	0	0	0	0	0	0	0	0	0	0	0	0	182	91	69	0	0	0	0	58	0	0	0	0	0	0	0	0
k__Bacteria|p__Firmicutes|c__Clostridia|o__Lachnospirales|f__Lachnospiraceae|g__unclassified|s__unclassified_unclassified	0	0	0	0	0	0	0	0	0	0	0	0	0	0	0	0	0	0	119	30	10	0	0	36	14	0	0	0	0	0	0	0	0
k__Bacteria|p__Firmicutes|c__Clostridia|o__Lachnospirales|f__Lachnospiraceae|g__Lachnospiraceae NK4A136 group|s__Lachnospiraceae NK4A136 group_unclassified	0	0	0	0	0	0	0	0	0	0	0	0	0	0	0	0	0	0	97	93	201	15	73	0	65	0	0	0	0	0	0	0	0
k__Bacteria|p__Bacteroidota|c__Bacteroidia|o__Bacteroidales|f__Muribaculaceae|g__unclassified|s__unclassified_unclassified	0	0	0	0	0	0	0	0	0	0	0	0	0	0	0	0	0	279	670	53	74	10	13	66	23	0	0	0	0	0	0	0	0
k__Bacteria|p__Bacteroidota|c__Bacteroidia|o__Bacteroidales|f__Prevotellaceae|g__Alloprevotella|s__Alloprevotella_unclassified	0	0	0	0	0	0	0	0	0	0	0	0	0	0	0	0	0	0	0	0	0	5	246	17	0	0	0	0	0	0	0	0	0
k__Bacteria|p__Actinobacteriota|c__Actinobacteria|o__Bifidobacteriales|f__Bifidobacteriaceae|g__Bifidobacterium|s__Bifidobacterium_pseudolongum	0	0	0	0	0	0	0	0	0	0	0	0	0	0	0	0	0	19	140	25	123	47	47	6	0	0	0	0	0	0	0	0	0
k__Bacteria|p__Proteobacteria|c__Gammaproteobacteria|o__Burkholderiales|f__Sutterellaceae|g__Parasutterella|s__Parasutterella_unclassified	0	0	0	0	0	0	0	0	0	0	0	5	0	0	0	0	0	1119	435	217	328	56	37	420	45	0	0	0	0	0	3	0	0
k__Bacteria|p__Bacteroidota|c__Bacteroidia|o__Bacteroidales|f__Muribaculaceae|g__unclassified|s__unclassified_unclassified	0	0	0	0	0	0	0	0	0	0	0	0	0	0	0	0	0	134	203	56	49	28	0	0	20	0	0	0	0	0	0	0	0
k__Bacteria|p__Firmicutes|c__Clostridia|o__Lachnospirales|f__Lachnospiraceae|g__Lachnospiraceae NK4A136 group|s__Lachnospiraceae NK4A136 group_unclassified	0	0	0	0	0	0	0	0	0	0	0	0	0	0	0	0	0	29	107	107	0	25	17	302	48	0	0	0	0	0	0	0	0
k__Bacteria|p__Bacteroidota|c__Bacteroidia|o__Bacteroidales|f__Muribaculaceae|g__unclassified|s__unclassified_unclassified	0	0	0	0	0	0	0	0	0	0	0	4	0	0	0	0	0	48	142	18	0	21	0	0	0	0	0	0	0	0	0	0	0
k__Bacteria|p__Firmicutes|c__Clostridia|o__Lachnospirales|f__Lachnospiraceae|g__unclassified|s__unclassified_unclassified	0	0	0	0	0	0	0	0	0	0	0	0	0	0	0	0	0	0	192	18	0	5	0	5	40	0	0	0	0	0	0	0	0
k__Bacteria|p__Firmicutes|c__Clostridia|o__Oscillospirales|f__Ruminococcaceae|g__Incertae Sedis|s__Incertae Sedis_unclassified	0	0	0	0	0	0	0	0	0	0	0	0	0	0	0	0	0	0	12	11	91	0	0	0	15	0	0	0	0	0	0	0	0
k__Bacteria|p__Bacteroidota|c__Bacteroidia|o__Bacteroidales|f__Prevotellaceae|g__Prevotellaceae UCG-001|s__Prevotellaceae UCG-001_unclassified	0	0	0	0	0	0	0	0	0	0	0	0	0	0	0	0	0	434	229	156	109	0	0	0	52	0	0	0	0	0	0	0	0
k__Bacteria|p__Campilobacterota|c__Campylobacteria|o__Campylobacterales|f__Helicobacteraceae|g__Helicobacter|s__Helicobacter_apodemus	0	0	0	0	0	0	0	0	0	0	0	0	0	0	0	0	0	234	250	756	188	169	24	377	96	0	0	0	0	0	0	0	0
k__Bacteria|p__Firmicutes|c__Clostridia|o__Lachnospirales|f__Lachnospiraceae|g__unclassified|s__unclassified_unclassified	0	0	0	0	0	0	0	0	0	0	0	0	0	0	0	0	0	19	112	92	41	29	0	54	0	0	0	0	0	0	0	0	0
k__Bacteria|p__Bacteroidota|c__Bacteroidia|o__Bacteroidales|f__Muribaculaceae|g__unclassified|s__unclassified_unclassified	0	0	0	0	0	0	0	0	0	0	0	0	0	0	0	0	0	197	181	39	43	0	20	21	26	0	0	0	0	0	0	0	0
k__Bacteria|p__Firmicutes|c__Clostridia|o__Lachnospirales|f__Lachnospiraceae|g__unclassified|s__unclassified_unclassified	0	0	0	0	0	0	0	0	0	0	0	0	0	0	0	0	0	36	691	220	0	0	0	0	76	0	0	0	0	0	0	0	0
k__Bacteria|p__Bacteroidota|c__Bacteroidia|o__Bacteroidales|f__Muribaculaceae|g__unclassified|s__unclassified_unclassified	0	0	0	0	0	0	0	0	0	0	0	0	0	0	0	0	0	67	104	0	0	0	0	0	0	0	0	0	0	0	0	0	0
k__Bacteria|p__Firmicutes|c__Clostridia|o__Lachnospirales|f__Lachnospiraceae|g__unclassified|s__unclassified_unclassified	0	0	0	0	0	0	0	0	0	0	0	0	0	0	0	0	0	0	413	33	0	51	43	141	22	0	0	0	0	0	0	0	0
k__Bacteria|p__Firmicutes|c__Clostridia|o__Lachnospirales|f__Lachnospiraceae|g__Roseburia|s__Roseburia_unclassified	0	0	0	0	0	0	0	0	0	0	0	0	0	0	0	0	0	42	473	550	1120	0	0	0	39	0	0	0	0	0	0	0	0
k__Bacteria|p__Firmicutes|c__Clostridia|o__Lachnospirales|f__Lachnospiraceae|g__Lachnospiraceae NK4A136 group|s__Lachnospiraceae NK4A136 group_unclassified	0	0	0	0	0	0	0	0	0	0	0	0	0	0	0	0	0	0	0	0	0	78	0	203	0	0	0	0	0	0	0	0	0
k__Bacteria|p__Bacteroidota|c__Bacteroidia|o__Bacteroidales|f__Rikenellaceae|g__Alistipes|s__Alistipes_unclassified	0	0	0	0	0	0	0	0	0	0	0	0	0	0	0	0	0	0	9	0	0	0	0	0	0	0	0	0	0	0	0	0	0
k__Bacteria|p__Bacteroidota|c__Bacteroidia|o__Bacteroidales|f__Muribaculaceae|g__unclassified|s__unclassified_unclassified	0	0	0	0	0	0	0	0	0	0	0	0	0	0	0	0	0	169	169	0	18	0	0	16	0	0	0	0	0	0	0	0	0
k__Bacteria|p__Bacteroidota|c__Bacteroidia|o__Bacteroidales|f__Muribaculaceae|g__unclassified|s__unclassified_unclassified	0	0	0	0	0	0	0	0	0	0	0	0	0	0	0	0	0	43	92	0	0	21	30	16	8	0	0	0	0	0	0	0	0
k__Bacteria|p__Firmicutes|c__Clostridia|o__Oscillospirales|f__Oscillospiraceae|g__unclassified|s__unclassified_unclassified	0	0	0	0	0	0	0	0	0	0	0	0	0	0	0	0	0	6	99	15	79	0	0	42	45	0	0	0	0	0	0	0	0
k__Bacteria|p__Bacteroidota|c__Bacteroidia|o__Bacteroidales|f__Muribaculaceae|g__unclassified|s__unclassified_unclassified	0	0	0	0	0	0	0	0	0	0	0	0	0	0	0	0	0	56	128	17	25	0	9	0	0	0	0	0	0	0	0	0	0
k__Bacteria|p__Bacteroidota|c__Bacteroidia|o__Bacteroidales|f__Muribaculaceae|g__unclassified|s__unclassified_unclassified	0	0	0	0	0	0	0	0	0	0	0	0	0	0	0	0	0	56	189	12	15	29	0	130	20	0	0	0	0	0	0	0	0
k__Bacteria|p__Firmicutes|c__Clostridia|o__Lachnospirales|f__Lachnospiraceae|g__Lachnoclostridium|s__Lachnoclostridium_unclassified	0	0	0	0	0	0	0	0	0	0	0	0	0	0	0	0	0	83	264	166	81	24	0	109	0	0	0	0	0	0	0	0	0
k__Bacteria|p__Firmicutes|c__Clostridia|o__Lachnospirales|f__Lachnospiraceae|g__unclassified|s__unclassified_unclassified	0	0	0	0	0	0	0	0	0	0	0	0	0	0	0	0	0	10	44	14	0	9	12	39	88	0	0	0	0	0	0	0	0
k__Bacteria|p__Firmicutes|c__Clostridia|o__Lachnospirales|f__Lachnospiraceae|g__unclassified|s__unclassified_unclassified	0	0	0	0	0	0	0	0	0	0	0	0	0	0	0	0	0	6	90	36	0	0	15	19	11	0	0	0	0	0	0	0	0
k__Bacteria|p__Firmicutes|c__Clostridia|o__Lachnospirales|f__Lachnospiraceae|g__unclassified|s__unclassified_unclassified	0	0	0	0	0	0	0	0	0	0	0	0	0	0	0	0	0	0	56	0	0	0	0	0	0	0	0	0	0	0	0	0	0
k__Bacteria|p__Firmicutes|c__Clostridia|o__Lachnospirales|f__Lachnospiraceae|g__unclassified|s__unclassified_unclassified	0	0	0	0	0	0	0	0	0	0	0	0	0	0	0	0	0	13	76	33	74	6	15	20	46	0	0	0	0	0	0	0	0
k__Bacteria|p__Firmicutes|c__Clostridia|o__Lachnospirales|f__Lachnospiraceae|g__Tuzzerella|s__Tuzzerella_unclassified	0	0	0	0	0	0	0	0	0	0	0	0	0	0	0	0	0	0	87	7	28	15	0	37	74	0	0	0	0	0	0	0	0
k__Bacteria|p__Bacteroidota|c__Bacteroidia|o__Bacteroidales|f__Bacteroidaceae|g__Bacteroides|s__Bacteroides_sartorii	0	0	0	0	0	0	0	0	0	0	0	0	0	0	0	0	0	0	0	0	0	362	122	2940	8	0	0	0	0	0	0	0	0
k__Bacteria|p__Firmicutes|c__Clostridia|o__Lachnospirales|f__Lachnospiraceae|g__unclassified|s__unclassified_unclassified	0	0	0	0	0	0	0	0	0	0	0	0	0	0	0	0	0	0	14	9	32	11	23	6	0	0	0	0	0	0	0	0	0
k__Bacteria|p__Firmicutes|c__Clostridia|o__Oscillospirales|f__Oscillospiraceae|g__Intestinimonas|s__Intestinimonas_unclassified	0	0	0	0	0	0	0	0	0	0	0	0	0	0	0	0	0	0	245	58	133	67	29	109	121	0	0	0	0	0	0	0	0
k__Bacteria|p__Proteobacteria|c__Gammaproteobacteria|o__Burkholderiales|f__Sutterellaceae|g__Parasutterella|s__Parasutterella_unclassified	0	0	0	0	0	0	0	0	0	0	0	9	0	0	0	0	0	90	98	4	34	0	0	46	0	0	0	0	0	0	0	0	0
k__Bacteria|p__Firmicutes|c__Clostridia|o__Lachnospirales|f__Lachnospiraceae|g__Lachnospiraceae NK4A136 group|s__Lachnospiraceae NK4A136 group_unclassified	0	0	0	0	0	0	0	0	0	0	0	0	0	0	0	0	0	0	24	44	77	0	0	0	0	0	0	0	0	0	0	0	0
k__Bacteria|p__Bacteroidota|c__Bacteroidia|o__Bacteroidales|f__Muribaculaceae|g__unclassified|s__unclassified_unclassified	0	0	0	0	0	0	0	0	0	0	0	0	0	0	0	0	0	44	43	0	0	0	0	0	0	0	0	0	0	0	0	0	0
k__Bacteria|p__Bacteroidota|c__Bacteroidia|o__Bacteroidales|f__Muribaculaceae|g__unclassified|s__unclassified_unclassified	0	0	0	0	0	0	0	0	0	0	0	0	0	0	0	0	0	0	91	0	0	0	0	0	0	0	0	0	0	0	0	0	0
k__Bacteria|p__Firmicutes|c__Negativicutes|o__Veillonellales-Selenomonadales|f__Selenomonadaceae|g__Quinella|s__Quinella_unclassified	0	0	0	0	0	0	0	0	0	0	0	0	0	0	0	0	0	176	460	342	227	80	24	717	47	0	0	0	0	0	0	0	0
k__Bacteria|p__Firmicutes|c__Clostridia|o__Oscillospirales|f__Oscillospiraceae|g__Oscillibacter|s__Oscillibacter_unclassified	0	0	0	0	0	0	0	0	0	0	0	0	0	0	0	0	0	31	46	63	107	27	6	103	32	0	0	0	0	0	0	0	0
k__Bacteria|p__Bacteroidota|c__Bacteroidia|o__Bacteroidales|f__Muribaculaceae|g__unclassified|s__unclassified_unclassified	0	0	0	0	0	0	0	0	0	0	0	0	0	0	0	0	0	29	40	16	8	3	0	0	25	0	0	0	0	0	0	0	0
k__Bacteria|p__Firmicutes|c__Clostridia|o__Lachnospirales|f__Lachnospiraceae|g__Roseburia|s__Roseburia_unclassified	0	0	0	0	0	0	0	0	0	0	0	0	0	0	0	0	0	54	1240	119	979	10	27	185	0	0	0	0	0	0	0	0	0
k__Bacteria|p__Bacteroidota|c__Bacteroidia|o__Bacteroidales|f__Muribaculaceae|g__unclassified|s__unclassified_unclassified	0	0	0	0	0	0	0	0	0	0	0	0	0	0	0	0	0	23	137	0	0	4	0	14	0	0	0	0	0	0	0	0	0
k__Bacteria|p__Firmicutes|c__Clostridia|o__Lachnospirales|f__Lachnospiraceae|g__unclassified|s__unclassified_unclassified	0	0	0	0	0	0	0	0	0	0	0	0	0	0	0	0	0	0	0	0	0	0	0	0	15	0	0	0	0	0	0	0	0
k__Bacteria|p__Firmicutes|c__Clostridia|o__Oscillospirales|f__Oscillospiraceae|g__Intestinimonas|s__Intestinimonas_unclassified	0	0	0	0	0	0	0	0	0	0	0	0	0	0	0	0	0	53	174	43	48	49	0	68	26	0	0	0	0	0	0	0	0
k__Bacteria|p__Firmicutes|c__Clostridia|o__Oscillospirales|f__Butyricicoccaceae|g__Butyricicoccus|s__Butyricicoccus_unclassified	0	0	0	0	0	0	0	0	0	0	0	0	0	0	0	0	0	12	0	0	0	0	0	0	11	0	0	0	0	0	0	0	0
k__Bacteria|p__Firmicutes|c__Clostridia|o__Lachnospirales|f__Lachnospiraceae|g__unclassified|s__unclassified_unclassified	0	0	0	0	0	0	0	0	0	0	0	0	0	0	0	0	0	12	105	82	61	0	4	77	0	0	0	0	0	0	0	0	0
k__Bacteria|p__Firmicutes|c__Bacilli|o__Lactobacillales|f__Lactobacillaceae|g__Lactobacillus|s__Lactobacillus_reuteri	0	0	0	0	0	0	0	0	0	0	0	0	0	0	0	0	0	174	0	134	0	0	0	0	0	0	0	0	0	0	0	0	0
k__Bacteria|p__Desulfobacterota|c__Desulfovibrionia|o__Desulfovibrionales|f__Desulfovibrionaceae|g__Bilophila|s__Bilophila_unclassified	0	0	0	0	0	0	0	0	0	0	0	0	0	0	0	0	0	0	12	0	4	0	0	5	0	0	0	0	0	0	0	0	0
k__Bacteria|p__Firmicutes|c__Clostridia|o__Lachnospirales|f__Lachnospiraceae|g__unclassified|s__unclassified_unclassified	0	0	0	0	0	0	0	0	0	0	0	0	0	0	0	0	0	9	87	123	34	10	0	66	0	0	0	0	0	0	0	0	0
k__Bacteria|p__Firmicutes|c__Clostridia|o__Lachnospirales|f__Lachnospiraceae|g__A2|s__A2_unclassified	0	0	0	0	0	0	0	0	0	0	0	0	0	0	0	0	0	17	0	52	11	0	0	15	14	0	0	0	0	0	0	0	0
k__Bacteria|p__Firmicutes|c__Clostridia|o__Oscillospirales|f__Oscillospiraceae|g__Colidextribacter|s__Colidextribacter_unclassified	0	0	0	0	0	0	0	0	0	0	0	0	0	0	0	0	0	14	64	21	0	0	0	46	36	0	0	0	0	0	0	0	0
k__Bacteria|p__Desulfobacterota|c__Desulfovibrionia|o__Desulfovibrionales|f__Desulfovibrionaceae|g__Desulfovibrio|s__Desulfovibrio_unclassified	0	0	0	0	0	0	0	0	0	0	0	0	0	0	0	0	0	0	35	47	75	5	0	0	0	0	0	0	0	0	0	0	0
k__Bacteria|p__Bacteroidota|c__Bacteroidia|o__Bacteroidales|f__Muribaculaceae|g__unclassified|s__unclassified_unclassified	0	0	0	0	0	0	0	0	0	0	0	0	0	0	0	0	0	82	208	8	0	7	12	25	3	0	0	0	0	0	0	0	0
k__Bacteria|p__Firmicutes|c__Clostridia|o__Lachnospirales|f__Lachnospiraceae|g__Lachnospiraceae UCG-001|s__Lachnospiraceae UCG-001_unclassified	0	0	0	0	0	0	0	0	0	0	0	0	0	0	0	0	0	104	0	85	38	188	91	370	0	0	0	0	0	0	0	0	0
k__Bacteria|p__Bacteroidota|c__Bacteroidia|o__Bacteroidales|f__Muribaculaceae|g__unclassified|s__unclassified_unclassified	0	0	0	0	0	0	0	0	0	0	0	8	0	0	0	0	0	0	0	0	0	0	0	0	0	0	0	0	0	0	0	0	0
k__Bacteria|p__Firmicutes|c__Clostridia|o__Lachnospirales|f__Lachnospiraceae|g__unclassified|s__unclassified_unclassified	0	0	0	0	0	0	0	0	0	0	0	0	0	0	0	0	0	0	54	15	11	0	0	44	0	0	0	0	0	0	0	0	0
k__Bacteria|p__Firmicutes|c__Clostridia|o__Lachnospirales|f__Lachnospiraceae|g__unclassified|s__unclassified_unclassified	0	0	0	0	0	0	0	0	0	0	0	0	0	0	0	0	0	0	28	0	32	0	0	15	0	0	0	0	0	0	0	0	0
k__Bacteria|p__Bacteroidota|c__Bacteroidia|o__Bacteroidales|f__Muribaculaceae|g__unclassified|s__unclassified_unclassified	0	0	0	0	0	0	0	0	0	0	0	0	0	0	0	0	0	0	31	0	0	0	0	47	0	0	0	0	0	0	0	0	0
k__Bacteria|p__Bacteroidota|c__Bacteroidia|o__Bacteroidales|f__Muribaculaceae|g__unclassified|s__unclassified_unclassified	0	0	0	0	0	0	0	0	0	0	0	0	0	0	0	0	0	0	22	14	0	0	5	0	0	0	0	0	0	0	0	0	0
k__Bacteria|p__Firmicutes|c__Bacilli|o__Mycoplasmatales|f__Mycoplasmataceae|g__Mycoplasma|s__Mycoplasma_unclassified	0	0	0	0	0	93	0	88	75	117	104	437	48	179	49	45	64	29	50	568	230	61	0	8	0	0	0	0	0	65	405	276	19
k__Bacteria|p__Bacteroidota|c__Bacteroidia|o__Bacteroidales|f__Muribaculaceae|g__unclassified|s__unclassified_unclassified	0	0	0	0	0	0	0	0	0	0	0	0	0	0	0	0	0	11	81	0	0	13	64	101	0	0	0	0	0	0	0	0	0
k__Bacteria|p__Firmicutes|c__Clostridia|o__Peptococcales|f__Peptococcaceae|g__unclassified|s__unclassified_unclassified	0	0	0	0	0	0	0	0	0	0	0	0	0	0	0	0	0	0	0	0	0	0	16	0	0	0	0	0	0	0	0	0	0
k__Bacteria|p__Firmicutes|c__Clostridia|o__Lachnospirales|f__Lachnospiraceae|g__Lachnoclostridium|s__Lachnoclostridium_unclassified	0	0	0	0	0	0	0	0	0	0	0	0	0	0	0	0	0	18	83	45	45	10	10	42	38	0	0	0	0	0	0	0	0
k__Bacteria|p__Firmicutes|c__Clostridia|o__Lachnospirales|f__Lachnospiraceae|g__Lachnospiraceae UCG-006|s__Lachnospiraceae UCG-006_unclassified	0	0	0	0	0	0	0	0	0	0	0	0	0	0	0	0	0	0	13	0	0	0	0	11	0	0	0	0	0	0	0	0	0
k__Bacteria|p__Bacteroidota|c__Bacteroidia|o__Bacteroidales|f__Muribaculaceae|g__unclassified|s__unclassified_unclassified	0	0	0	0	0	0	0	0	0	0	0	0	0	0	0	0	0	135	150	0	0	0	0	148	0	0	0	0	0	0	0	0	0
k__Bacteria|p__Bacteroidota|c__Bacteroidia|o__Bacteroidales|f__Muribaculaceae|g__unclassified|s__unclassified_unclassified	0	0	0	0	0	0	0	0	0	0	0	0	0	0	0	0	0	239	219	72	47	0	0	0	0	0	0	0	0	0	0	0	0
k__Bacteria|p__Firmicutes|c__Bacilli|o__Mycoplasmatales|f__Mycoplasmataceae|g__Mycoplasma|s__Mycoplasma_unclassified	0	0	0	1480	1912	0	0	0	0	0	0	0	0	0	0	0	0	0	0	0	0	0	0	0	0	0	0	0	0	0	0	0	0
k__Bacteria|p__Firmicutes|c__Clostridia|o__Lachnospirales|f__Lachnospiraceae|g__Lachnospiraceae NK4A136 group|s__Lachnospiraceae NK4A136 group_unclassified	0	0	0	0	0	0	0	0	0	0	0	0	0	0	0	0	0	0	45	23	47	14	0	250	0	0	0	0	0	0	0	0	0
k__Bacteria|p__Firmicutes|c__Clostridia|o__Oscillospirales|f__Oscillospiraceae|g__unclassified|s__unclassified_unclassified	0	0	0	0	0	0	0	0	0	0	0	0	0	0	0	0	0	13	65	59	108	11	0	57	17	0	0	0	0	0	0	0	0
k__Bacteria|p__Bacteroidota|c__Bacteroidia|o__Bacteroidales|f__Marinifilaceae|g__Odoribacter|s__Odoribacter_unclassified	0	0	0	0	0	0	0	0	0	0	0	0	0	0	0	0	0	40	203	18	20	27	9	113	92	0	0	0	0	0	0	0	0
k__Bacteria|p__Bacteroidota|c__Bacteroidia|o__Bacteroidales|f__Muribaculaceae|g__unclassified|s__unclassified_unclassified	0	0	0	0	0	0	0	0	0	0	0	0	0	0	0	0	0	11	0	8	0	0	0	13	0	0	0	0	0	0	0	0	0
k__Bacteria|p__Firmicutes|c__Bacilli|o__Lactobacillales|f__Enterococcaceae|g__Enterococcus|s__Enterococcus_unclassified	0	0	0	0	0	0	0	0	0	0	0	5	0	0	0	0	0	0	0	0	0	0	0	0	0	225	754	1051	0	0	0	0	0
k__Bacteria|p__Firmicutes|c__Clostridia|o__Oscillospirales|f__Ruminococcaceae|g__Anaerotruncus|s__Anaerotruncus_unclassified	0	0	0	0	0	0	0	0	0	0	0	0	0	0	0	0	0	27	197	97	276	24	38	37	35	0	0	0	0	0	0	0	0
k__Bacteria|p__Firmicutes|c__Clostridia|o__Lachnospirales|f__Lachnospiraceae|g__unclassified|s__unclassified_unclassified	0	0	0	0	0	0	0	0	0	0	0	0	0	0	0	0	0	0	13	0	0	0	0	8	6	0	0	0	0	0	0	0	0
k__Bacteria|p__Firmicutes|c__Clostridia|o__Lachnospirales|f__Lachnospiraceae|g__Lachnoclostridium|s__Lachnoclostridium_unclassified	0	0	0	0	0	0	0	0	0	0	0	0	0	0	0	0	0	32	115	40	132	5	16	9	14	0	0	0	0	0	0	0	0
k__Bacteria|p__Firmicutes|c__Clostridia|o__Oscillospirales|f__Oscillospiraceae|g__Colidextribacter|s__Colidextribacter_unclassified	0	0	0	0	0	0	0	0	0	0	0	0	0	0	0	0	0	17	34	0	0	24	12	0	0	0	0	0	0	0	0	0	0
k__Bacteria|p__Patescibacteria|c__Saccharimonadia|o__Saccharimonadales|f__Saccharimonadaceae|g__Candidatus Saccharimonas|s__Candidatus Saccharimonas_unclassified	0	0	0	0	0	0	0	0	0	0	0	0	0	0	0	0	0	0	0	27	0	0	0	0	0	0	0	0	0	0	0	0	0
k__Bacteria|p__Firmicutes|c__Clostridia|o__Lachnospirales|f__Lachnospiraceae|g__Lachnospiraceae UCG-001|s__Lachnospiraceae UCG-001_unclassified	0	0	0	0	0	0	0	0	0	0	0	0	0	0	0	0	0	7	0	0	0	0	0	0	0	0	0	0	0	0	0	0	0
k__Bacteria|p__Desulfobacterota|c__Desulfovibrionia|o__Desulfovibrionales|f__Desulfovibrionaceae|g__unclassified|s__unclassified_unclassified	0	0	0	0	0	0	0	0	0	0	0	0	0	0	0	0	0	72	713	27	86	47	14	285	30	0	0	0	0	0	0	0	0
k__Bacteria|p__Bacteroidota|c__Bacteroidia|o__Bacteroidales|f__Muribaculaceae|g__unclassified|s__unclassified_unclassified	0	0	0	0	0	0	0	0	0	0	0	0	0	0	0	0	0	208	168	90	0	0	0	0	0	0	0	0	0	0	0	0	0
k__Bacteria|p__Bacteroidota|c__Bacteroidia|o__Bacteroidales|f__Muribaculaceae|g__unclassified|s__unclassified_unclassified	0	0	0	0	0	0	0	0	0	0	0	0	0	0	0	0	0	0	0	0	0	0	59	46	0	0	0	0	0	0	0	0	0
k__Bacteria|p__Firmicutes|c__Clostridia|o__Oscillospirales|f__Ruminococcaceae|g__[Eubacterium] siraeum group|s__[Eubacterium] siraeum group_unclassified	0	0	0	0	0	0	0	0	0	0	0	0	0	0	0	0	0	7	53	22	4	13	7	91	28	0	0	0	0	0	0	0	0
k__Bacteria|p__Firmicutes|c__Clostridia|o__Lachnospirales|f__Lachnospiraceae|g__Roseburia|s__Roseburia_unclassified	0	0	0	0	0	0	0	0	0	0	0	0	0	0	0	0	0	11	142	86	444	0	0	0	77	0	0	0	0	0	0	0	0
k__Bacteria|p__Firmicutes|c__Clostridia|o__Oscillospirales|f__Butyricicoccaceae|g__Butyricicoccus|s__Butyricicoccus_unclassified	0	0	0	0	0	0	0	0	0	0	0	0	0	0	0	0	0	0	12	22	46	0	0	19	11	0	0	0	0	0	0	0	0
k__Bacteria|p__Actinobacteriota|c__Coriobacteriia|o__Coriobacteriales|f__Eggerthellaceae|g__Enterorhabdus|s__Enterorhabdus_unclassified	0	0	0	0	0	0	0	0	0	0	0	0	0	0	0	0	0	36	68	58	38	12	0	4	0	0	0	0	0	0	0	0	0
k__Bacteria|p__Firmicutes|c__Clostridia|o__Lachnospirales|f__Lachnospiraceae|g__Lachnospiraceae NK4A136 group|s__Lachnospiraceae NK4A136 group_unclassified	0	0	0	0	0	0	0	0	0	0	0	0	0	0	0	0	0	0	274	18	10	0	0	54	34	0	0	0	0	0	0	0	0
k__Bacteria|p__Firmicutes|c__Clostridia|o__Lachnospirales|f__Lachnospiraceae|g__Acetatifactor|s__Acetatifactor_unclassified	0	0	0	0	0	0	0	0	0	0	0	0	0	0	0	0	0	6	36	21	38	0	4	6	0	0	0	0	0	0	0	0	0
k__Bacteria|p__Firmicutes|c__Clostridia|o__Lachnospirales|f__Lachnospiraceae|g__ASF356|s__ASF356_unclassified	0	0	0	0	0	0	0	0	0	0	0	0	0	0	0	0	0	129	226	408	58	0	25	0	0	0	0	0	0	0	0	0	0
k__Bacteria|p__Firmicutes|c__Bacilli|o__Lactobacillales|f__Lactobacillaceae|g__Lactobacillus|s__Lactobacillus_unclassified	0	0	0	0	0	0	0	0	0	0	0	0	0	0	0	0	0	59	0	65	0	0	0	0	0	0	0	0	0	0	0	0	0
k__Bacteria|p__Firmicutes|c__Clostridia|o__Oscillospirales|f__Oscillospiraceae|g__Oscillibacter|s__Oscillibacter_unclassified	0	0	0	0	0	0	0	0	0	0	0	0	0	0	0	0	0	7	0	16	0	0	0	0	0	0	0	0	0	0	0	0	0
k__Bacteria|p__Firmicutes|c__Clostridia|o__Oscillospirales|f__Oscillospiraceae|g__Colidextribacter|s__Colidextribacter_unclassified	0	0	0	0	0	0	0	0	0	0	0	0	0	0	0	0	0	36	103	65	46	23	0	36	24	0	0	0	0	0	0	0	0
k__Bacteria|p__Bacteroidota|c__Bacteroidia|o__Bacteroidales|f__Muribaculaceae|g__unclassified|s__unclassified_unclassified	0	0	0	0	0	0	0	0	0	0	0	0	0	0	0	0	0	109	15	150	0	0	0	17	17	0	0	0	0	0	0	0	0
k__Bacteria|p__Firmicutes|c__Clostridia|o__Lachnospirales|f__Lachnospiraceae|g__unclassified|s__unclassified_unclassified	0	0	0	0	0	0	0	0	0	0	0	0	0	0	0	0	0	20	0	17	72	0	0	0	25	0	0	0	0	0	0	0	0
k__Bacteria|p__Firmicutes|c__Clostridia|o__Lachnospirales|f__Lachnospiraceae|g__Lachnospiraceae FCS020 group|s__Lachnospiraceae FCS020 group_unclassified	0	0	0	0	0	0	0	0	0	0	0	0	0	0	0	0	0	7	33	36	38	0	5	0	35	0	0	0	0	0	0	0	0
k__Bacteria|p__Firmicutes|c__Clostridia|o__Oscillospirales|f__Ruminococcaceae|g__Incertae Sedis|s__Incertae Sedis_unclassified	0	0	0	0	0	0	0	0	0	0	0	0	0	0	0	0	0	11	60	38	39	0	11	31	13	0	0	0	0	0	0	0	0
k__Bacteria|p__Firmicutes|c__Clostridia|o__Lachnospirales|f__Lachnospiraceae|g__Roseburia|s__Roseburia_unclassified	0	0	0	0	0	0	0	0	0	0	0	0	0	0	0	0	0	0	19	0	0	0	0	0	72	0	0	0	0	0	0	0	0
k__Bacteria|p__Bacteroidota|c__Bacteroidia|o__Bacteroidales|f__Rikenellaceae|g__Rikenella|s__Rikenella_unclassified	0	0	3	0	0	0	0	0	0	0	0	0	0	0	0	0	0	66	228	114	87	34	15	204	40	0	0	0	0	0	0	0	0
k__Bacteria|p__Firmicutes|c__Clostridia|o__Oscillospirales|f__Ruminococcaceae|g__unclassified|s__unclassified_unclassified	0	0	0	0	0	0	0	0	0	0	0	0	0	0	0	0	0	0	19	15	11	0	0	18	5	0	0	0	0	0	0	0	0
k__Bacteria|p__Firmicutes|c__Clostridia|o__Lachnospirales|f__Lachnospiraceae|g__unclassified|s__unclassified_unclassified	0	0	0	0	0	0	0	0	0	0	0	0	0	0	0	0	0	0	20	0	0	0	0	0	11	0	0	0	0	0	0	0	0
k__Bacteria|p__Bacteroidota|c__Bacteroidia|o__Bacteroidales|f__Bacteroidaceae|g__Bacteroides|s__Bacteroides_unclassified	0	0	0	0	0	0	0	0	0	0	0	0	0	0	0	0	0	276	122	0	70	0	0	0	0	0	0	0	0	0	0	0	0
k__Bacteria|p__Firmicutes|c__Clostridia|o__Oscillospirales|f__Oscillospiraceae|g__Oscillibacter|s__Oscillibacter_unclassified	0	0	0	0	0	0	0	0	0	0	0	0	0	0	0	0	0	0	47	0	0	0	0	16	8	0	0	0	0	0	0	0	0
k__Bacteria|p__Firmicutes|c__Clostridia|o__Lachnospirales|f__Lachnospiraceae|g__Blautia|s__Blautia_unclassified	0	0	0	0	0	0	0	0	0	0	0	0	0	0	0	0	0	11	0	0	0	0	0	0	6	0	0	0	0	0	0	0	0
k__Bacteria|p__Firmicutes|c__Clostridia|o__Lachnospirales|f__Lachnospiraceae|g__unclassified|s__unclassified_unclassified	0	0	0	0	0	0	0	0	0	0	0	0	0	0	0	0	0	0	12	0	10	0	0	15	0	0	0	0	0	0	0	0	0
k__Bacteria|p__Firmicutes|c__Clostridia|o__Oscillospirales|f__Oscillospiraceae|g__Intestinimonas|s__Intestinimonas_unclassified	0	0	0	0	0	0	0	0	0	0	0	0	0	0	0	0	0	0	0	38	39	0	0	82	0	0	0	0	0	0	0	0	0
k__Bacteria|p__Bacteroidota|c__Bacteroidia|o__Bacteroidales|f__Muribaculaceae|g__unclassified|s__unclassified_unclassified	0	0	0	0	0	0	0	0	0	0	0	0	0	0	0	0	0	28	43	0	0	29	84	115	0	0	0	0	0	0	0	0	0
k__Bacteria|p__Bacteroidota|c__Bacteroidia|o__Bacteroidales|f__Rikenellaceae|g__Rikenellaceae RC9 gut group|s__Rikenellaceae RC9 gut group_unclassified	0	0	0	0	0	0	0	0	0	0	0	0	0	0	0	0	0	17	16	0	0	5	0	25	3	0	0	0	0	0	0	0	0
k__Bacteria|p__Firmicutes|c__Clostridia|o__Lachnospirales|f__Lachnospiraceae|g__Roseburia|s__Roseburia_intestinalis	0	0	0	0	0	0	0	0	0	0	0	0	0	0	0	0	0	0	0	0	249	0	3	5	19	0	0	0	0	0	0	0	0
k__Bacteria|p__Firmicutes|c__Clostridia|o__Lachnospirales|f__Lachnospiraceae|g__Lachnospiraceae NK4A136 group|s__Lachnospiraceae NK4A136 group_unclassified	0	0	0	0	0	0	0	0	0	0	0	0	0	0	0	0	0	50	0	58	75	0	0	0	0	0	0	0	0	0	0	0	0
k__Bacteria|p__Firmicutes|c__Clostridia|o__Lachnospirales|f__Lachnospiraceae|g__Lachnospiraceae NK4A136 group|s__Lachnospiraceae NK4A136 group_unclassified	0	0	0	0	0	0	0	0	0	0	0	0	0	0	0	0	0	0	0	13	25	0	0	0	0	0	0	0	0	0	0	0	0
k__Bacteria|p__Bacteroidota|c__Bacteroidia|o__Bacteroidales|f__Rikenellaceae|g__Alistipes|s__Alistipes_unclassified	0	0	0	0	0	0	0	0	0	0	0	0	0	0	0	0	0	42	105	137	4	10	0	335	89	0	0	0	0	0	0	0	0
k__Bacteria|p__Firmicutes|c__Clostridia|o__Lachnospirales|f__Lachnospiraceae|g__unclassified|s__unclassified_unclassified	0	0	0	0	0	0	0	0	0	0	0	0	0	0	0	0	0	33	175	115	19	0	0	0	16	0	0	0	0	0	0	0	0
k__Bacteria|p__Firmicutes|c__Clostridia|o__Lachnospirales|f__Lachnospiraceae|g__unclassified|s__unclassified_unclassified	0	0	0	0	0	0	0	0	0	0	0	0	0	0	0	0	0	55	184	55	244	9	15	94	30	0	0	0	0	0	0	0	0
k__Bacteria|p__Firmicutes|c__Bacilli|o__Erysipelotrichales|f__Erysipelotrichaceae|g__unclassified|s__unclassified_unclassified	0	0	0	0	0	0	0	0	0	0	0	0	0	0	0	0	0	0	0	0	0	0	0	0	13	0	0	0	0	0	0	0	0
k__Bacteria|p__Firmicutes|c__Clostridia|o__Oscillospirales|f__Ruminococcaceae|g__Anaerotruncus|s__Anaerotruncus_unclassified	0	0	0	0	0	0	0	0	0	0	0	0	0	0	0	0	0	0	27	56	36	0	0	0	0	0	0	0	0	0	0	0	0
k__Bacteria|p__Firmicutes|c__Clostridia|o__Peptostreptococcales-Tissierellales|f__Anaerovoracaceae|g__[Eubacterium] nodatum group|s__[Eubacterium] nodatum group_unclassified	0	0	0	0	0	0	0	0	0	0	0	0	0	0	0	0	0	0	14	16	20	4	3	16	15	0	0	0	0	0	0	0	0
k__Bacteria|p__Bacteroidota|c__Bacteroidia|o__Bacteroidales|f__Muribaculaceae|g__unclassified|s__unclassified_unclassified	0	0	0	0	0	0	0	0	0	0	0	0	0	0	0	0	0	35	53	0	0	0	4	7	0	0	0	0	0	0	0	0	0
k__Bacteria|p__Bacteroidota|c__Bacteroidia|o__Bacteroidales|f__Muribaculaceae|g__unclassified|s__unclassified_unclassified	0	0	0	0	0	0	0	0	0	0	0	0	0	0	0	0	0	13	56	0	0	0	0	0	0	0	0	0	0	0	0	0	0
k__Bacteria|p__Bacteroidota|c__Bacteroidia|o__Bacteroidales|f__Prevotellaceae|g__Alloprevotella|s__Alloprevotella_unclassified	0	0	0	0	0	0	0	0	0	0	0	0	0	0	0	0	0	902	284	20	67	0	0	0	0	0	0	0	0	0	0	0	0
k__Bacteria|p__Firmicutes|c__Clostridia|o__Oscillospirales|f__Oscillospiraceae|g__unclassified|s__unclassified_unclassified	0	0	0	0	0	0	0	0	0	0	0	0	0	0	0	0	0	16	18	27	52	0	0	55	29	0	0	0	0	0	0	0	0
k__Bacteria|p__Bacteroidota|c__Bacteroidia|o__Bacteroidales|f__Tannerellaceae|g__Parabacteroides|s__Parabacteroides_goldsteinii	0	0	0	0	0	0	0	0	0	0	0	0	0	0	0	0	0	70	56	0	20	23	5	53	0	0	0	0	0	0	0	0	0
k__Bacteria|p__Firmicutes|c__Clostridia|o__Lachnospirales|f__Lachnospiraceae|g__Lachnospiraceae NK4A136 group|s__Lachnospiraceae NK4A136 group_unclassified	0	0	0	0	0	0	0	0	0	0	0	8	0	0	0	0	0	0	0	0	0	0	0	0	0	0	0	0	0	0	0	0	0
k__Bacteria|p__Firmicutes|c__Clostridia|o__Oscillospirales|f__Ruminococcaceae|g__unclassified|s__unclassified_unclassified	0	0	0	0	0	0	0	0	0	0	0	0	0	0	0	0	0	9	21	19	11	13	0	18	11	0	0	0	0	0	0	0	0
k__Bacteria|p__Firmicutes|c__Clostridia|o__Lachnospirales|f__Lachnospiraceae|g__unclassified|s__unclassified_unclassified	0	0	0	0	0	0	0	0	0	0	0	0	0	0	0	0	0	0	43	30	53	0	0	68	0	0	0	0	0	0	0	0	0
k__Bacteria|p__Firmicutes|c__Clostridia|o__Oscillospirales|f__Oscillospiraceae|g__Oscillibacter|s__Oscillibacter_unclassified	0	0	0	0	0	0	0	0	0	0	0	0	0	0	0	0	0	0	27	0	46	0	0	0	11	0	0	0	0	0	0	0	0
k__Bacteria|p__Firmicutes|c__Clostridia|o__Lachnospirales|f__Lachnospiraceae|g__Lachnospiraceae UCG-006|s__Lachnospiraceae UCG-006_unclassified	0	0	0	0	0	0	0	0	0	0	0	0	0	0	0	0	0	14	84	41	51	14	7	66	63	0	0	0	0	0	0	0	0
k__Bacteria|p__Firmicutes|c__Clostridia|o__Lachnospirales|f__Lachnospiraceae|g__unclassified|s__unclassified_unclassified	0	0	0	0	0	0	0	0	0	0	0	0	0	0	0	0	0	0	53	11	24	0	0	0	28	0	0	0	0	0	0	0	0
k__Bacteria|p__Desulfobacterota|c__Desulfovibrionia|o__Desulfovibrionales|f__Desulfovibrionaceae|g__Desulfovibrio|s__Desulfovibrio_unclassified	0	0	0	0	0	0	0	0	0	0	0	0	0	0	0	0	0	0	0	35	40	0	0	0	0	0	0	0	0	0	0	0	0
k__Bacteria|p__Firmicutes|c__Clostridia|o__Lachnospirales|f__Lachnospiraceae|g__unclassified|s__unclassified_unclassified	0	0	0	0	0	0	0	0	0	0	0	0	0	0	0	0	0	0	44	0	14	0	0	9	0	0	0	0	0	0	0	0	0
k__Bacteria|p__Firmicutes|c__Clostridia|o__Lachnospirales|f__Lachnospiraceae|g__Lachnospiraceae NK4A136 group|s__Lachnospiraceae NK4A136 group_unclassified	0	0	0	0	0	0	0	0	0	0	0	0	0	0	0	0	0	0	154	77	107	0	0	0	0	0	0	0	0	0	0	0	0
k__Bacteria|p__Firmicutes|c__Clostridia|o__Oscillospirales|f__Oscillospiraceae|g__Intestinimonas|s__Intestinimonas_unclassified	0	0	0	0	0	0	0	0	0	0	0	0	0	0	0	0	0	0	23	0	12	0	0	8	13	0	0	0	0	0	0	0	0
k__Bacteria|p__Bacteroidota|c__Bacteroidia|o__Bacteroidales|f__Muribaculaceae|g__unclassified|s__unclassified_unclassified	0	0	0	0	0	0	0	0	0	0	0	0	0	0	0	0	0	72	120	0	0	0	0	0	0	0	0	0	0	0	0	0	0
k__Bacteria|p__Firmicutes|c__Clostridia|o__Lachnospirales|f__Lachnospiraceae|g__Lachnospiraceae NK4A136 group|s__Lachnospiraceae NK4A136 group_unclassified	0	0	0	0	0	0	0	0	0	0	0	0	0	0	0	0	0	0	18	32	13	0	0	0	0	0	0	0	0	0	0	0	0
k__Bacteria|p__Firmicutes|c__Clostridia|o__Lachnospirales|f__Lachnospiraceae|g__GCA-900066575|s__GCA-900066575_unclassified	0	0	0	0	0	0	0	0	0	0	0	0	0	0	0	0	0	0	0	0	0	0	0	0	7	0	0	0	0	0	0	0	0
k__Bacteria|p__Firmicutes|c__Clostridia|o__Oscillospirales|f__Oscillospiraceae|g__Colidextribacter|s__Colidextribacter_unclassified	0	0	0	0	0	0	0	0	0	0	0	0	0	0	0	0	0	0	56	0	149	0	0	0	0	0	0	0	0	0	0	0	0
k__Bacteria|p__Spirochaetota|c__Brachyspirae|o__Brachyspirales|f__Brachyspiraceae|g__Brachyspira|s__Brachyspira_hyodysenteriae	0	0	0	0	0	0	0	0	0	0	0	0	0	0	0	0	0	6	17	61	60	7	0	48	6	0	0	0	0	0	0	0	0
k__Bacteria|p__Firmicutes|c__Clostridia|o__Lachnospirales|f__Lachnospiraceae|g__Lachnospiraceae NK4A136 group|s__Lachnospiraceae NK4A136 group_unclassified	0	0	0	0	0	0	0	0	0	0	0	0	0	0	0	0	0	9	53	9	147	0	0	0	0	0	0	0	0	0	0	0	0
k__Bacteria|p__Firmicutes|c__Clostridia|o__Lachnospirales|f__Lachnospiraceae|g__Lachnoclostridium|s__Lachnoclostridium_unclassified	0	0	0	0	0	0	0	0	0	0	0	0	0	0	0	0	0	0	85	30	69	30	0	47	24	0	0	0	0	0	0	0	0
k__Bacteria|p__Campilobacterota|c__Campylobacteria|o__Campylobacterales|f__Helicobacteraceae|g__Helicobacter|s__Helicobacter_unclassified	0	0	0	0	0	0	0	0	0	0	0	0	0	0	0	0	0	16	17	0	7	0	0	0	40	0	0	0	0	0	0	0	0
k__Bacteria|p__Firmicutes|c__Clostridia|o__Lachnospirales|f__Lachnospiraceae|g__Roseburia|s__Roseburia_unclassified	0	0	0	0	0	0	0	0	0	0	0	0	0	0	0	0	0	52	0	25	12	0	0	0	0	0	0	0	0	0	0	0	0
k__Bacteria|p__Firmicutes|c__Clostridia|o__Lachnospirales|f__Lachnospiraceae|g__Lachnospiraceae NK4A136 group|s__Lachnospiraceae NK4A136 group_unclassified	0	0	0	0	0	0	0	0	0	0	0	0	0	0	0	0	0	12	148	52	73	0	0	0	0	0	0	0	0	0	0	0	0
k__Bacteria|p__Firmicutes|c__Clostridia|o__Lachnospirales|f__Lachnospiraceae|g__unclassified|s__unclassified_unclassified	0	0	0	0	0	0	0	0	0	0	0	0	0	0	0	0	0	9	42	71	0	0	0	24	0	0	0	0	0	0	0	0	0
k__Bacteria|p__Firmicutes|c__Clostridia|o__Lachnospirales|f__Lachnospiraceae|g__unclassified|s__unclassified_unclassified	0	0	0	0	0	0	0	0	0	0	0	0	0	0	0	0	0	0	35	0	19	0	0	19	29	0	0	0	0	0	0	0	0
k__Bacteria|p__Firmicutes|c__Clostridia|o__Lachnospirales|f__Lachnospiraceae|g__GCA-900066575|s__GCA-900066575_unclassified	0	0	0	0	0	0	0	0	0	0	0	0	0	0	0	0	0	0	32	0	16	0	0	15	14	0	0	0	0	0	0	0	0
k__Bacteria|p__Firmicutes|c__Clostridia|o__Lachnospirales|f__Lachnospiraceae|g__unclassified|s__unclassified_unclassified	0	0	0	0	0	0	0	0	0	0	0	0	0	0	0	0	0	0	8	10	0	0	0	0	0	0	0	0	0	0	0	0	0
k__Bacteria|p__Bacteroidota|c__Bacteroidia|o__Bacteroidales|f__Rikenellaceae|g__Rikenella|s__Rikenella_unclassified	0	0	0	0	0	0	0	0	0	0	0	0	0	0	0	0	0	18	5	164	0	0	0	0	45	0	0	0	0	0	0	0	0
k__Bacteria|p__Bacteroidota|c__Bacteroidia|o__Bacteroidales|f__Bacteroidaceae|g__Bacteroides|s__Bacteroides_unclassified	0	0	0	0	0	0	0	0	0	0	0	0	0	0	0	0	0	364	108	0	0	0	0	0	0	0	0	0	0	0	0	0	0
k__Bacteria|p__Firmicutes|c__Clostridia|o__Lachnospirales|f__Lachnospiraceae|g__Lachnospiraceae NK4A136 group|s__Lachnospiraceae NK4A136 group_unclassified	0	0	0	0	0	0	0	0	0	0	0	0	0	0	0	0	0	0	0	29	0	13	0	150	34	0	0	0	0	0	0	0	0
k__Bacteria|p__Firmicutes|c__Clostridia|o__Lachnospirales|f__Lachnospiraceae|g__unclassified|s__unclassified_unclassified	0	0	0	0	0	0	0	0	0	0	0	0	0	0	0	0	0	0	40	0	81	0	0	0	0	0	0	0	0	0	0	0	0
k__Bacteria|p__Firmicutes|c__Clostridia|o__Lachnospirales|f__Lachnospiraceae|g__Lachnoclostridium|s__Lachnoclostridium_unclassified	0	0	0	0	0	0	0	0	0	0	0	0	0	0	0	0	0	16	23	0	0	9	7	52	0	0	0	0	0	0	0	0	0
k__Bacteria|p__Firmicutes|c__Clostridia|o__Clostridiales|f__Clostridiaceae|g__Candidatus Arthromitus|s__Candidatus Arthromitus_unclassified	0	0	0	0	0	0	0	0	0	0	0	0	0	0	0	0	0	87	45	127	9	57	0	0	10	0	0	0	0	0	0	0	0
k__Bacteria|p__Proteobacteria|c__Gammaproteobacteria|o__Burkholderiales|f__Sutterellaceae|g__Parasutterella|s__Parasutterella_unclassified	0	0	0	0	0	0	0	0	0	0	0	0	0	0	0	0	0	126	131	49	58	0	0	66	0	0	0	0	0	0	0	0	0
k__Bacteria|p__Bacteroidota|c__Bacteroidia|o__Bacteroidales|f__Bacteroidaceae|g__Bacteroides|s__Bacteroides_unclassified	0	0	0	0	0	0	0	0	0	0	0	0	0	0	0	0	0	357	185	0	0	0	0	0	0	0	0	0	0	0	0	0	0
k__Bacteria|p__Firmicutes|c__Clostridia|o__Oscillospirales|f__Ruminococcaceae|g__Incertae Sedis|s__Incertae Sedis_unclassified	0	0	0	0	0	0	0	0	0	0	0	0	0	0	0	0	0	8	10	19	11	0	4	9	0	0	0	0	0	0	0	0	0
k__Bacteria|p__Bacteroidota|c__Bacteroidia|o__Bacteroidales|f__Rikenellaceae|g__Alistipes|s__Alistipes_unclassified	0	0	0	0	0	0	0	0	0	0	0	0	0	0	0	0	0	6	25	0	0	0	0	3	0	0	0	0	0	0	0	0	0
k__Bacteria|p__Bacteroidota|c__Bacteroidia|o__Bacteroidales|f__Rikenellaceae|g__Alistipes|s__Alistipes_unclassified	0	0	0	0	0	0	0	0	0	0	0	0	0	0	0	0	0	8	89	17	15	0	0	0	153	0	0	0	0	0	0	0	0
k__Bacteria|p__Firmicutes|c__Clostridia|o__Lachnospirales|f__Lachnospiraceae|g__Lachnospiraceae UCG-004|s__Lachnospiraceae UCG-004_unclassified	0	0	0	0	0	0	0	0	0	0	0	0	0	0	0	0	0	0	50	34	40	0	0	0	0	0	0	0	0	0	0	0	0
k__Bacteria|p__Firmicutes|c__Clostridia|o__Oscillospirales|f__Ruminococcaceae|g__Incertae Sedis|s__Incertae Sedis_unclassified	0	0	0	0	0	0	0	0	0	0	0	0	0	0	0	0	0	0	0	0	7	0	0	0	0	0	0	0	0	0	0	0	0
k__Bacteria|p__Bacteroidota|c__Bacteroidia|o__Bacteroidales|f__Muribaculaceae|g__unclassified|s__unclassified_unclassified	0	0	0	0	0	0	0	0	0	0	0	0	0	0	0	0	0	0	0	0	0	0	0	33	0	0	0	0	0	0	0	0	0
k__Bacteria|p__Bacteroidota|c__Bacteroidia|o__Bacteroidales|f__Muribaculaceae|g__unclassified|s__unclassified_unclassified	0	0	0	0	0	0	0	0	0	0	0	0	0	0	0	0	0	29	57	9	26	0	0	0	0	0	0	0	0	0	0	0	0
k__Bacteria|p__Firmicutes|c__Clostridia|o__Oscillospirales|f__Ruminococcaceae|g__unclassified|s__unclassified_unclassified	0	0	0	0	0	0	0	0	0	0	0	0	0	0	0	0	0	6	0	0	0	4	0	33	0	0	0	0	0	0	0	0	0
k__Bacteria|p__Desulfobacterota|c__Desulfovibrionia|o__Desulfovibrionales|f__Desulfovibrionaceae|g__unclassified|s__unclassified_unclassified	0	0	0	0	0	0	0	0	0	0	0	0	0	0	0	0	0	65	29	62	116	0	13	64	0	0	0	0	0	0	0	0	0
k__Bacteria|p__Firmicutes|c__Clostridia|o__Lachnospirales|f__Lachnospiraceae|g__unclassified|s__unclassified_unclassified	0	0	0	0	0	0	0	0	0	0	0	0	0	0	0	0	0	7	45	14	29	0	0	0	0	0	0	0	0	0	0	0	0
k__Bacteria|p__Firmicutes|c__Clostridia|o__Lachnospirales|f__Lachnospiraceae|g__Lachnospiraceae NK4A136 group|s__Lachnospiraceae NK4A136 group_unclassified	0	0	0	0	0	0	0	0	0	0	0	0	0	0	0	0	0	0	0	7	0	0	0	0	0	0	0	0	0	0	0	0	0
k__Bacteria|p__Proteobacteria|c__Alphaproteobacteria|o__Rickettsiales|f__Mitochondria|g__unclassified|s__unclassified_unclassified	0	0	0	0	0	0	0	0	0	0	0	0	0	0	0	0	0	0	14	83	19	14	3	78	0	0	0	0	0	0	0	0	0
k__Bacteria|p__Firmicutes|c__Clostridia|o__Lachnospirales|f__Lachnospiraceae|g__Lachnoclostridium|s__Lachnoclostridium_unclassified	0	0	0	0	0	0	0	0	0	0	0	0	0	0	0	0	0	13	54	23	22	0	0	33	0	0	0	0	0	0	0	0	0
k__Bacteria|p__Bacteroidota|c__Bacteroidia|o__Bacteroidales|f__Rikenellaceae|g__Alistipes|s__Alistipes_unclassified	0	0	0	0	0	0	0	0	0	0	0	0	0	0	0	0	0	0	0	0	0	12	7	124	0	0	0	0	0	0	0	0	0
k__Bacteria|p__Firmicutes|c__Clostridia|o__Oscillospirales|f__Ruminococcaceae|g__Incertae Sedis|s__Incertae Sedis_unclassified	0	0	0	0	0	0	0	0	0	0	0	0	0	0	0	0	0	0	0	0	0	0	0	18	6	0	0	0	0	0	0	0	0
k__Bacteria|p__Firmicutes|c__Clostridia|o__Lachnospirales|f__Lachnospiraceae|g__Acetatifactor|s__Acetatifactor_unclassified	0	0	0	0	0	0	0	0	0	0	0	0	0	0	0	0	0	0	0	0	0	0	0	58	0	0	0	0	0	0	0	0	0
k__Bacteria|p__Firmicutes|c__Clostridia|o__Peptostreptococcales-Tissierellales|f__Anaerovoracaceae|g__Family XIII UCG-001|s__Family XIII UCG-001_unclassified	0	0	0	0	0	0	0	0	0	0	0	0	0	0	0	0	0	6	0	12	13	0	0	0	7	0	0	0	0	0	0	0	0
k__Bacteria|p__Firmicutes|c__Clostridia|o__Lachnospirales|f__Lachnospiraceae|g__Lachnospiraceae UCG-006|s__Lachnospiraceae UCG-006_unclassified	0	0	0	0	0	0	0	0	0	0	0	0	0	0	0	0	0	0	0	0	0	0	0	6	6	0	0	0	0	0	0	0	0
k__Bacteria|p__Firmicutes|c__Clostridia|o__Lachnospirales|f__Lachnospiraceae|g__Lachnospiraceae NK4A136 group|s__Lachnospiraceae NK4A136 group_unclassified	0	0	0	0	0	0	0	0	0	0	0	0	0	0	0	0	0	0	0	0	0	35	0	48	13	0	0	0	0	0	0	0	0
k__Bacteria|p__Bacteroidota|c__Bacteroidia|o__Bacteroidales|f__Rikenellaceae|g__Rikenella|s__Rikenella_unclassified	0	0	0	0	0	0	0	0	0	0	0	0	0	0	0	0	0	0	0	0	0	7	0	66	0	0	0	0	0	0	0	0	0
k__Bacteria|p__Firmicutes|c__Clostridia|o__Oscillospirales|f__Ruminococcaceae|g__Harryflintia|s__Harryflintia_unclassified	0	0	0	0	0	0	0	0	0	0	0	0	0	0	0	0	0	10	18	10	34	0	7	0	8	0	0	0	0	0	0	0	0
k__Bacteria|p__Firmicutes|c__Clostridia|o__Lachnospirales|f__Lachnospiraceae|g__unclassified|s__unclassified_unclassified	0	0	0	0	0	0	0	0	0	0	0	0	0	0	0	0	0	0	0	21	0	0	0	0	0	0	0	0	0	0	0	0	0
k__Bacteria|p__Bacteroidota|c__Bacteroidia|o__Bacteroidales|f__Bacteroidaceae|g__Bacteroides|s__Bacteroides_sartorii	0	0	0	0	0	0	0	0	0	0	0	0	0	0	0	0	0	371	65	0	31	0	0	0	0	0	0	0	0	0	0	0	0
k__Bacteria|p__Firmicutes|c__Clostridia|o__Lachnospirales|f__Lachnospiraceae|g__Lachnoclostridium|s__Lachnoclostridium_unclassified	0	0	0	0	0	0	0	0	0	0	0	0	0	0	0	0	0	0	42	0	0	0	0	0	0	0	0	0	0	0	0	0	0
k__Bacteria|p__Bacteroidota|c__Bacteroidia|o__Bacteroidales|f__Marinifilaceae|g__Odoribacter|s__Odoribacter_unclassified	0	0	0	0	0	0	0	0	0	0	0	0	0	0	0	0	0	26	71	11	6	5	0	63	41	0	0	0	0	0	0	0	0
k__Bacteria|p__Actinobacteriota|c__Coriobacteriia|o__Coriobacteriales|f__Eggerthellaceae|g__Enterorhabdus|s__Enterorhabdus_unclassified	0	0	0	0	0	0	0	0	0	0	0	0	0	0	0	0	0	0	0	0	0	0	0	0	27	0	0	0	0	0	0	0	0
k__Bacteria|p__Firmicutes|c__Clostridia|o__Lachnospirales|f__Lachnospiraceae|g__Roseburia|s__Roseburia_unclassified	0	0	0	0	0	0	0	0	0	0	0	0	0	0	0	0	0	23	0	87	72	0	0	0	0	0	0	0	0	0	0	0	0
k__Bacteria|p__Firmicutes|c__Clostridia|o__Lachnospirales|f__Lachnospiraceae|g__Marvinbryantia|s__Marvinbryantia_unclassified	0	0	0	0	0	0	0	0	0	0	0	0	0	0	0	0	0	25	6	0	0	0	0	0	0	0	0	0	0	0	0	0	0
k__Bacteria|p__Deferribacterota|c__Deferribacteres|o__Deferribacterales|f__Deferribacteraceae|g__Mucispirillum|s__Mucispirillum_unclassified	0	0	0	0	0	0	0	0	0	0	0	0	0	0	0	0	0	0	46	200	162	31	0	40	13	0	0	0	0	0	0	0	0
k__Bacteria|p__Firmicutes|c__Clostridia|o__Lachnospirales|f__Lachnospiraceae|g__GCA-900066575|s__GCA-900066575_unclassified	0	0	0	0	0	0	0	0	0	0	0	0	0	0	0	0	0	0	13	0	12	0	0	0	15	0	0	0	0	0	0	0	0
k__Bacteria|p__Firmicutes|c__Clostridia|o__Peptostreptococcales-Tissierellales|f__Anaerovoracaceae|g__[Eubacterium] brachy group|s__[Eubacterium] brachy group_unclassified	0	0	0	0	0	0	0	0	0	0	0	0	0	0	0	0	0	0	16	11	8	0	0	0	9	0	0	0	0	0	0	0	0
k__Bacteria|p__Firmicutes|c__Clostridia|o__Lachnospirales|f__Lachnospiraceae|g__Lachnospiraceae NK4B4 group|s__Lachnospiraceae NK4B4 group_unclassified	0	0	0	0	0	0	0	0	0	0	0	0	0	0	0	0	0	0	13	0	0	0	0	0	0	0	0	0	0	0	0	0	0
k__Bacteria|p__Firmicutes|c__Clostridia|o__Lachnospirales|f__Lachnospiraceae|g__unclassified|s__unclassified_unclassified	0	0	0	0	0	0	0	0	0	0	0	0	0	0	0	0	0	0	10	12	0	8	0	13	0	0	0	0	0	0	0	0	0
k__Bacteria|p__Firmicutes|c__Clostridia|o__Lachnospirales|f__Lachnospiraceae|g__unclassified|s__unclassified_unclassified	0	0	0	0	0	0	0	0	0	0	0	0	0	0	0	0	0	0	40	0	31	0	0	53	0	0	0	0	0	0	0	0	0
k__Bacteria|p__Firmicutes|c__Clostridia|o__Clostridia UCG-014|f__unclassified|g__unclassified|s__unclassified_unclassified	0	0	0	0	0	0	0	0	0	0	0	0	0	0	0	0	0	0	10	11	0	0	0	0	0	0	0	0	0	0	0	0	0
k__Bacteria|p__Bacteroidota|c__Bacteroidia|o__Bacteroidales|f__Muribaculaceae|g__unclassified|s__unclassified_unclassified	0	0	0	0	0	0	0	0	0	0	0	0	0	0	0	0	0	0	17	0	0	0	0	0	0	0	0	0	0	0	0	0	0
k__Bacteria|p__Patescibacteria|c__Saccharimonadia|o__Saccharimonadales|f__Saccharimonadaceae|g__Candidatus Saccharimonas|s__Candidatus Saccharimonas_unclassified	0	0	0	0	0	0	0	0	0	0	0	0	0	0	0	0	0	0	79	43	0	0	0	87	25	0	0	0	0	0	0	0	0
k__Bacteria|p__Patescibacteria|c__Saccharimonadia|o__Saccharimonadales|f__Saccharimonadaceae|g__Candidatus Saccharimonas|s__Candidatus Saccharimonas_unclassified	0	0	0	0	0	0	0	0	0	0	0	0	0	0	0	0	0	0	37	0	23	0	3	37	0	0	0	0	0	0	0	0	0
k__Bacteria|p__Actinobacteriota|c__Coriobacteriia|o__Coriobacteriales|f__Atopobiaceae|g__Coriobacteriaceae UCG-002|s__Coriobacteriaceae UCG-002_unclassified	0	0	0	0	0	0	0	0	0	0	0	0	0	0	0	0	0	17	194	0	22	0	0	0	3	0	0	0	0	0	0	0	0
k__Bacteria|p__Firmicutes|c__Clostridia|o__Lachnospirales|f__Lachnospiraceae|g__Acetatifactor|s__Acetatifactor_unclassified	0	0	0	0	0	0	0	0	0	0	0	0	0	0	0	0	0	0	0	10	12	0	0	0	11	0	0	0	0	0	0	0	0
k__Bacteria|p__Firmicutes|c__Clostridia|o__Lachnospirales|f__Lachnospiraceae|g__unclassified|s__unclassified_unclassified	0	0	0	0	0	0	0	0	0	0	0	0	0	0	0	0	0	0	0	20	0	6	8	33	0	0	0	0	0	0	0	0	0
k__Bacteria|p__Campilobacterota|c__Campylobacteria|o__Campylobacterales|f__Helicobacteraceae|g__Helicobacter|s__Helicobacter_mastomyrinus	0	0	0	0	0	0	0	0	0	0	0	0	0	0	0	0	0	0	16	17	0	0	0	0	0	0	0	0	0	0	0	0	0
k__Bacteria|p__Firmicutes|c__Clostridia|o__Lachnospirales|f__Lachnospiraceae|g__unclassified|s__unclassified_unclassified	0	0	0	0	0	0	0	0	0	0	0	0	0	0	0	0	0	0	0	0	0	0	0	0	22	0	0	0	0	0	0	0	0
k__Bacteria|p__Desulfobacterota|c__Desulfovibrionia|o__Desulfovibrionales|f__Desulfovibrionaceae|g__unclassified|s__unclassified_unclassified	0	0	0	0	0	0	0	0	0	0	0	0	0	0	0	0	0	6	9	6	12	2	0	11	0	0	0	0	0	0	0	0	0
k__Bacteria|p__Firmicutes|c__Clostridia|o__Lachnospirales|f__Lachnospiraceae|g__unclassified|s__unclassified_unclassified	0	0	0	0	0	0	0	0	0	0	0	0	0	0	0	0	0	0	22	8	0	8	0	54	0	0	0	0	0	0	0	0	0
k__Bacteria|p__Firmicutes|c__Clostridia|o__Oscillospirales|f__Oscillospiraceae|g__Intestinimonas|s__Intestinimonas_unclassified	0	0	0	0	0	0	0	0	0	0	0	0	0	0	0	0	0	0	0	10	0	0	0	0	0	0	0	0	0	0	0	0	0
k__Bacteria|p__Firmicutes|c__Clostridia|o__Lachnospirales|f__Lachnospiraceae|g__unclassified|s__unclassified_unclassified	0	0	0	0	0	0	0	0	0	0	0	0	0	0	0	0	0	0	0	30	0	0	0	0	0	0	0	0	0	0	0	0	0
k__Bacteria|p__Firmicutes|c__Clostridia|o__Lachnospirales|f__Lachnospiraceae|g__unclassified|s__unclassified_unclassified	0	0	0	0	0	0	0	0	0	0	0	0	0	0	0	0	0	18	9	56	60	0	0	0	0	0	0	0	0	0	0	0	0
k__Bacteria|p__Firmicutes|c__Clostridia|o__Clostridia vadinBB60 group|f__unclassified|g__unclassified|s__unclassified_unclassified	0	0	0	0	0	0	0	0	0	0	0	0	0	0	0	0	0	0	0	0	0	0	3	0	0	0	0	0	0	0	0	0	0
k__Bacteria|p__Bacteroidota|c__Bacteroidia|o__Bacteroidales|f__Tannerellaceae|g__Parabacteroides|s__Parabacteroides_unclassified	0	0	0	0	0	0	0	0	0	0	0	0	0	0	0	0	0	286	136	14	13	0	0	0	0	0	0	0	0	0	0	0	0
k__Bacteria|p__Bacteroidota|c__Bacteroidia|o__Bacteroidales|f__Muribaculaceae|g__unclassified|s__unclassified_unclassified	0	0	0	0	0	0	0	0	0	0	0	0	0	0	0	0	0	0	0	0	56	6	76	143	0	0	0	0	0	0	0	0	0
k__Bacteria|p__Bacteroidota|c__Bacteroidia|o__Bacteroidales|f__Muribaculaceae|g__unclassified|s__unclassified_unclassified	0	0	0	0	0	0	0	0	0	0	0	0	0	0	0	0	0	0	95	0	0	0	0	31	0	0	0	0	0	0	0	0	0
k__Bacteria|p__Bacteroidota|c__Bacteroidia|o__Bacteroidales|f__Muribaculaceae|g__unclassified|s__unclassified_unclassified	0	0	0	0	0	0	0	0	0	0	0	0	0	0	0	0	0	20	19	0	0	0	7	11	0	0	0	0	0	0	0	0	0
k__Bacteria|p__Firmicutes|c__Clostridia|o__Lachnospirales|f__Lachnospiraceae|g__Roseburia|s__Roseburia_unclassified	0	0	0	0	0	0	0	0	0	0	0	0	0	0	0	0	0	0	114	39	13	0	0	0	0	0	0	0	0	0	0	0	0
k__Bacteria|p__Firmicutes|c__Clostridia|o__Lachnospirales|f__Lachnospiraceae|g__unclassified|s__unclassified_unclassified	0	0	0	0	0	0	0	0	0	0	0	0	0	0	0	0	0	0	20	0	6	0	0	0	0	0	0	0	0	0	0	0	0
k__Bacteria|p__Bacteroidota|c__Bacteroidia|o__Bacteroidales|f__Muribaculaceae|g__unclassified|s__unclassified_unclassified	0	0	0	0	0	0	0	0	0	0	0	0	0	0	0	0	0	14	26	0	0	0	0	0	0	0	0	0	0	0	0	0	0
k__Bacteria|p__Firmicutes|c__Clostridia|o__Lachnospirales|f__Lachnospiraceae|g__unclassified|s__unclassified_unclassified	0	0	0	0	0	0	0	0	0	0	0	0	0	0	0	0	0	70	121	20	0	0	0	0	0	0	0	0	0	0	0	0	0
k__Bacteria|p__Firmicutes|c__Bacilli|o__Erysipelotrichales|f__Erysipelotrichaceae|g__unclassified|s__unclassified_unclassified	0	0	0	0	0	0	0	0	0	0	0	0	0	0	0	0	0	4	0	0	13	0	0	0	14	0	0	0	0	0	0	0	0
k__Bacteria|p__Firmicutes|c__Clostridia|o__Lachnospirales|f__Lachnospiraceae|g__unclassified|s__unclassified_unclassified	0	0	0	0	0	0	0	0	0	0	0	0	0	0	0	0	0	0	13	0	0	0	0	0	0	0	0	0	0	0	0	0	0
k__Bacteria|p__Firmicutes|c__Bacilli|o__Erysipelotrichales|f__Erysipelatoclostridiaceae|g__Candidatus Stoquefichus|s__Candidatus Stoquefichus_unclassified	0	0	0	0	0	0	0	0	0	0	0	0	0	0	0	0	0	0	0	0	32	0	0	0	0	0	0	0	0	0	0	0	0
k__Bacteria|p__Firmicutes|c__Clostridia|o__Oscillospirales|f__Oscillospiraceae|g__Colidextribacter|s__Colidextribacter_unclassified	0	0	0	0	0	0	0	0	0	0	0	0	0	0	0	0	0	0	59	0	0	0	0	23	0	0	0	0	0	0	0	0	0
k__Bacteria|p__Firmicutes|c__Clostridia|o__Lachnospirales|f__Lachnospiraceae|g__unclassified|s__unclassified_unclassified	0	0	0	0	0	0	0	0	0	0	0	0	0	0	0	0	0	0	19	29	0	0	0	0	0	0	0	0	0	0	0	0	0
k__Bacteria|p__Firmicutes|c__Clostridia|o__Oscillospirales|f__Oscillospiraceae|g__Oscillospira|s__Oscillospira_unclassified	0	0	0	0	0	0	0	0	0	0	0	0	0	0	0	0	0	0	0	0	0	0	0	19	0	0	0	0	0	0	0	0	0
k__Bacteria|p__Deferribacterota|c__Deferribacteres|o__Deferribacterales|f__Deferribacteraceae|g__Mucispirillum|s__Mucispirillum_unclassified	0	0	0	0	0	0	0	0	0	0	0	0	0	0	0	0	0	9	22	59	66	0	0	23	0	0	0	0	0	0	0	0	0
k__Bacteria|p__Firmicutes|c__Clostridia|o__Oscillospirales|f__Oscillospiraceae|g__unclassified|s__unclassified_unclassified	0	0	0	0	0	0	0	0	0	0	0	0	0	0	0	0	0	0	0	0	14	0	0	22	0	0	0	0	0	0	0	0	0
k__Bacteria|p__Firmicutes|c__Clostridia|o__Lachnospirales|f__Lachnospiraceae|g__unclassified|s__unclassified_unclassified	0	0	0	0	0	0	0	0	0	0	0	0	0	0	0	0	0	0	0	13	0	14	0	207	0	0	0	0	0	0	0	0	0
k__Bacteria|p__Firmicutes|c__Clostridia|o__Lachnospirales|f__Lachnospiraceae|g__unclassified|s__unclassified_unclassified	0	0	0	0	0	0	0	0	0	0	0	0	0	0	0	0	0	0	0	0	0	0	0	0	13	0	0	0	0	0	0	0	0
k__Bacteria|p__Actinobacteriota|c__Coriobacteriia|o__Coriobacteriales|f__Eggerthellaceae|g__Enterorhabdus|s__Enterorhabdus_unclassified	0	0	0	0	0	0	0	0	0	0	0	0	0	0	0	0	0	0	0	10	9	0	0	0	0	0	0	0	0	0	0	0	0
k__Bacteria|p__Firmicutes|c__Clostridia|o__Lachnospirales|f__Lachnospiraceae|g__Lachnospiraceae NK4A136 group|s__Lachnospiraceae NK4A136 group_unclassified	0	0	0	0	0	0	0	0	0	0	0	0	0	0	0	0	0	0	0	0	0	0	0	65	0	0	0	0	0	0	0	0	0
k__Bacteria|p__Firmicutes|c__Bacilli|o__Erysipelotrichales|f__Erysipelotrichaceae|g__unclassified|s__unclassified_unclassified	0	0	0	0	0	0	0	0	0	0	0	0	0	0	0	0	0	0	11	31	22	0	0	0	0	0	0	0	0	0	0	0	0
k__Bacteria|p__Firmicutes|c__Clostridia|o__Oscillospirales|f__Butyricicoccaceae|g__UCG-009|s__UCG-009_unclassified	0	0	0	0	0	0	0	0	0	0	0	0	0	0	0	0	0	9	22	15	5	0	0	0	0	0	0	0	0	0	0	0	0
k__Bacteria|p__Firmicutes|c__Clostridia|o__Lachnospirales|f__Lachnospiraceae|g__[Eubacterium] xylanophilum group|s__[Eubacterium] xylanophilum group_unclassified	0	0	0	0	0	0	0	0	0	0	0	0	0	0	0	0	0	0	0	0	21	0	0	0	0	0	0	0	0	0	0	0	0
k__Bacteria|p__Firmicutes|c__Clostridia|o__Lachnospirales|f__Lachnospiraceae|g__GCA-900066575|s__GCA-900066575_unclassified	0	0	0	0	0	0	0	0	0	0	0	0	0	0	0	0	0	0	0	0	0	0	0	17	0	0	0	0	0	0	0	0	0
k__Bacteria|p__Firmicutes|c__Clostridia|o__Lachnospirales|f__Lachnospiraceae|g__unclassified|s__unclassified_unclassified	0	0	0	0	0	0	0	0	0	0	0	0	0	0	0	0	0	0	0	10	0	0	0	0	0	0	0	0	0	0	0	0	0
k__Bacteria|p__Firmicutes|c__Clostridia|o__Lachnospirales|f__Lachnospiraceae|g__Roseburia|s__Roseburia_unclassified	0	0	0	0	0	0	0	0	0	0	0	0	0	0	0	0	0	10	0	40	0	0	0	0	0	0	0	0	0	0	0	0	0
k__Bacteria|p__Firmicutes|c__Bacilli|o__Erysipelotrichales|f__Erysipelotrichaceae|g__unclassified|s__unclassified_unclassified	0	0	0	0	0	0	0	0	0	0	0	0	0	0	0	0	0	0	0	0	13	0	0	0	0	0	0	0	0	0	0	0	0
k__Bacteria|p__Firmicutes|c__Clostridia|o__Lachnospirales|f__Lachnospiraceae|g__unclassified|s__unclassified_unclassified	0	0	0	0	0	0	0	0	0	0	0	0	0	0	0	0	0	0	0	0	15	0	0	0	0	0	0	0	0	0	0	0	0
k__Bacteria|p__Firmicutes|c__Clostridia|o__Lachnospirales|f__Lachnospiraceae|g__Lachnoclostridium|s__Lachnoclostridium_unclassified	0	0	0	0	0	0	0	0	0	0	0	0	0	0	0	0	0	0	0	0	0	0	0	54	0	0	0	0	0	0	0	0	0
k__Bacteria|p__Bacteroidota|c__Bacteroidia|o__Bacteroidales|f__Muribaculaceae|g__unclassified|s__unclassified_unclassified	0	0	0	0	0	0	0	0	0	0	0	0	0	0	0	0	0	0	0	0	0	0	24	38	0	0	0	0	0	0	0	0	0
k__Bacteria|p__Bacteroidota|c__Bacteroidia|o__Bacteroidales|f__Muribaculaceae|g__unclassified|s__unclassified_unclassified	0	0	0	0	0	0	0	0	0	0	0	0	0	0	0	0	0	20	38	14	8	0	7	11	0	0	0	0	0	0	0	0	0
k__Bacteria|p__Firmicutes|c__Clostridia|o__Lachnospirales|f__Lachnospiraceae|g__ASF356|s__ASF356_unclassified	0	0	0	0	0	0	0	0	0	0	0	0	0	0	0	0	0	73	0	0	197	0	0	0	0	0	0	0	0	0	0	0	0
k__Bacteria|p__Firmicutes|c__Clostridia|o__Oscillospirales|f__Ruminococcaceae|g__Anaerotruncus|s__Anaerotruncus_colihominis	0	0	0	0	0	0	0	0	0	0	0	0	0	0	0	0	0	0	0	0	30	0	0	0	4	0	0	0	0	0	0	0	0
k__Bacteria|p__Proteobacteria|c__Alphaproteobacteria|o__Rickettsiales|f__Mitochondria|g__unclassified|s__unclassified_unclassified	0	0	0	0	5	0	0	0	0	0	0	0	0	0	0	0	0	0	0	0	0	3	0	0	0	0	0	0	0	0	0	0	0
k__Bacteria|p__Firmicutes|c__Clostridia|o__Lachnospirales|f__Lachnospiraceae|g__Lachnoclostridium|s__Lachnoclostridium_unclassified	0	0	0	0	0	0	0	0	0	0	0	0	0	0	0	0	0	0	58	97	71	0	0	0	0	0	0	0	0	0	0	0	0
k__Bacteria|p__Firmicutes|c__Clostridia|o__Lachnospirales|f__Lachnospiraceae|g__unclassified|s__unclassified_unclassified	0	0	0	0	0	0	0	0	0	0	0	0	0	0	0	0	0	26	0	0	0	0	0	0	0	0	0	0	0	0	0	0	0
k__Bacteria|p__Firmicutes|c__Clostridia|o__Lachnospirales|f__Lachnospiraceae|g__Lachnospiraceae NK4A136 group|s__Lachnospiraceae NK4A136 group_unclassified	0	0	0	0	0	0	0	0	0	0	0	0	0	0	0	0	0	0	0	0	0	0	0	64	0	0	0	0	0	0	0	0	0
k__Bacteria|p__Desulfobacterota|c__Desulfovibrionia|o__Desulfovibrionales|f__Desulfovibrionaceae|g__Desulfovibrio|s__Desulfovibrio_unclassified	0	0	0	0	0	0	0	0	0	0	0	0	0	0	0	0	0	15	0	0	0	0	4	0	10	0	0	0	0	0	0	0	0
k__Bacteria|p__Firmicutes|c__Clostridia|o__Oscillospirales|f__Ruminococcaceae|g__unclassified|s__unclassified_unclassified	0	0	0	0	0	0	0	0	0	0	0	0	0	0	0	0	0	0	131	11	24	0	5	78	15	0	0	0	0	0	0	0	0
k__Bacteria|p__Firmicutes|c__Clostridia|o__Lachnospirales|f__Lachnospiraceae|g__unclassified|s__unclassified_unclassified	0	0	0	0	0	0	0	0	0	0	0	0	0	0	0	0	0	0	0	23	35	0	0	8	0	0	0	0	0	0	0	0	0
k__Bacteria|p__Bacteroidota|c__Bacteroidia|o__Bacteroidales|f__Prevotellaceae|g__Alloprevotella|s__Alloprevotella_unclassified	0	0	0	0	0	0	0	0	0	0	0	0	0	0	0	0	0	183	44	0	0	0	0	0	0	0	0	0	0	0	0	0	0
k__Bacteria|p__Firmicutes|c__Clostridia|o__Oscillospirales|f__Oscillospiraceae|g__Oscillibacter|s__Oscillibacter_unclassified	0	0	0	0	0	0	0	0	0	0	0	0	0	0	0	0	0	0	0	0	0	0	0	8	0	0	0	0	0	0	0	0	0
k__Bacteria|p__Actinobacteriota|c__Coriobacteriia|o__Coriobacteriales|f__Eggerthellaceae|g__Enterorhabdus|s__Enterorhabdus_unclassified	0	0	0	0	0	0	0	0	0	0	0	0	0	0	0	0	0	9	17	16	0	0	0	0	0	0	0	0	0	0	0	0	0
k__Bacteria|p__Firmicutes|c__Clostridia|o__Oscillospirales|f__Oscillospiraceae|g__Colidextribacter|s__Colidextribacter_unclassified	0	0	0	0	0	0	0	0	0	0	0	0	0	0	0	0	0	0	0	22	27	19	13	19	0	0	0	0	0	0	0	0	0
k__Bacteria|p__Firmicutes|c__Clostridia|o__Oscillospirales|f__Butyricicoccaceae|g__Butyricicoccus|s__Butyricicoccus_unclassified	0	0	0	0	0	0	0	0	0	0	0	0	0	0	0	0	0	0	25	40	61	17	0	0	0	0	0	0	0	0	0	0	0
k__Bacteria|p__Firmicutes|c__Clostridia|o__Lachnospirales|f__Lachnospiraceae|g__Lachnoclostridium|s__Lachnoclostridium_unclassified	0	0	0	0	0	0	0	0	0	0	0	0	0	0	0	0	0	18	0	25	0	0	0	0	15	0	0	0	0	0	0	0	0
k__Bacteria|p__Firmicutes|c__Clostridia|o__Oscillospirales|f__Ruminococcaceae|g__Incertae Sedis|s__Incertae Sedis_unclassified	0	0	0	0	0	0	0	0	0	0	0	0	0	0	0	0	0	0	0	14	0	0	0	43	0	0	0	0	0	0	0	0	0
k__Bacteria|p__Actinobacteriota|c__Coriobacteriia|o__Coriobacteriales|f__Eggerthellaceae|g__Enterorhabdus|s__Enterorhabdus_unclassified	0	0	0	0	0	0	0	0	0	0	0	0	0	0	0	0	0	6	6	0	0	0	0	0	0	0	0	0	0	0	0	0	0
k__Bacteria|p__Verrucomicrobiota|c__Chlamydiae|o__Chlamydiales|f__Chlamydiaceae|g__Chlamydia|s__Chlamydia_muridarum	0	0	0	0	0	0	0	0	0	0	0	0	0	0	0	0	0	0	18	7	9	0	0	3	2	0	0	0	0	0	0	0	0
k__Bacteria|p__Firmicutes|c__Clostridia|o__Oscillospirales|f__Ruminococcaceae|g__Incertae Sedis|s__Incertae Sedis_unclassified	0	0	0	0	0	0	0	0	0	0	0	0	0	0	0	0	0	0	82	0	0	11	0	23	0	0	0	0	0	0	0	0	0
k__Bacteria|p__Firmicutes|c__Clostridia|o__Oscillospirales|f__Ruminococcaceae|g__unclassified|s__unclassified_unclassified	0	0	0	0	0	0	0	0	0	0	0	0	0	0	0	0	0	31	30	86	0	0	0	0	69	0	0	0	0	0	0	0	0
k__Bacteria|p__Bacteroidota|c__Bacteroidia|o__Bacteroidales|f__Rikenellaceae|g__Alistipes|s__Alistipes_unclassified	0	0	0	0	0	0	0	0	0	0	0	0	0	0	0	0	0	0	17	76	0	0	0	0	0	0	0	0	0	0	0	0	0
k__Bacteria|p__Firmicutes|c__Clostridia|o__Lachnospirales|f__Lachnospiraceae|g__unclassified|s__unclassified_unclassified	0	0	0	0	0	0	0	0	0	0	0	0	0	0	0	0	0	0	0	29	0	5	0	8	0	0	0	0	0	0	0	0	0
k__Bacteria|p__Firmicutes|c__Clostridia|o__Lachnospirales|f__Lachnospiraceae|g__unclassified|s__unclassified_unclassified	0	0	0	0	0	0	0	0	0	0	0	0	0	0	0	0	0	12	0	27	0	16	0	8	9	0	0	0	0	0	0	0	0
k__Bacteria|p__Firmicutes|c__Clostridia|o__Lachnospirales|f__Lachnospiraceae|g__Lachnospiraceae UCG-006|s__Lachnospiraceae UCG-006_unclassified	0	0	0	0	0	0	0	0	0	0	0	0	0	0	0	0	0	0	0	0	0	0	0	27	0	0	0	0	0	0	0	0	0
k__Bacteria|p__Firmicutes|c__Clostridia|o__Monoglobales|f__Monoglobaceae|g__Monoglobus|s__Monoglobus_unclassified	0	0	0	0	0	0	0	0	0	0	0	0	0	0	0	0	0	0	0	5	0	0	0	0	0	0	0	0	0	0	0	0	0
k__Bacteria|p__Firmicutes|c__Clostridia|o__Oscillospirales|f__Oscillospiraceae|g__Oscillibacter|s__Oscillibacter_unclassified	0	0	0	0	0	0	0	0	0	0	0	0	0	0	0	0	0	0	24	0	36	0	0	0	0	0	0	0	0	0	0	0	0
k__Bacteria|p__Proteobacteria|c__Alphaproteobacteria|o__Rickettsiales|f__unclassified|g__unclassified|s__unclassified_unclassified	0	0	0	0	0	0	0	0	0	0	0	0	0	0	0	0	0	0	4	2	7	5	0	42	0	0	0	0	0	0	0	0	0
k__Bacteria|p__Firmicutes|c__Clostridia|o__Lachnospirales|f__Lachnospiraceae|g__Roseburia|s__Roseburia_unclassified	0	0	0	0	0	0	0	0	0	0	0	0	0	0	0	0	0	0	47	26	23	0	0	0	0	0	0	0	0	0	0	0	0
k__Bacteria|p__Firmicutes|c__Clostridia|o__Lachnospirales|f__Lachnospiraceae|g__unclassified|s__unclassified_unclassified	0	0	0	0	0	0	0	0	0	0	0	0	0	0	0	0	0	0	14	0	0	5	0	25	0	0	0	0	0	0	0	0	0
k__Bacteria|p__Firmicutes|c__Clostridia|o__Lachnospirales|f__Lachnospiraceae|g__Lachnospiraceae NK4A136 group|s__Lachnospiraceae NK4A136 group_unclassified	0	0	0	0	0	0	0	0	0	0	0	0	0	0	0	0	0	0	0	0	0	0	0	0	22	0	0	0	0	0	0	0	0
k__Bacteria|p__Firmicutes|c__Bacilli|o__Erysipelotrichales|f__Erysipelotrichaceae|g__unclassified|s__unclassified_unclassified	0	0	0	0	0	0	0	0	0	0	0	0	0	0	0	0	0	0	14	12	0	2	0	0	0	0	0	0	0	0	0	0	0
k__Bacteria|p__Firmicutes|c__Clostridia|o__Lachnospirales|f__Lachnospiraceae|g__Roseburia|s__Roseburia_unclassified	0	0	0	0	0	0	0	0	0	0	0	0	0	0	0	0	0	0	54	14	11	0	0	10	0	0	0	0	0	0	0	0	0
k__Bacteria|p__Firmicutes|c__Clostridia|o__Lachnospirales|f__Lachnospiraceae|g__unclassified|s__unclassified_unclassified	0	0	0	0	0	0	0	0	0	0	0	0	0	0	0	0	0	0	32	8	18	0	0	0	0	0	0	0	0	0	0	0	0
k__Bacteria|p__Firmicutes|c__Clostridia|o__Lachnospirales|f__Lachnospiraceae|g__Acetatifactor|s__Acetatifactor_unclassified	0	0	0	0	0	0	0	0	0	0	0	0	0	0	0	0	0	0	6	0	0	0	0	0	0	0	0	0	0	0	0	0	0
k__Bacteria|p__Firmicutes|c__Clostridia|o__Oscillospirales|f__Ruminococcaceae|g__unclassified|s__unclassified_unclassified	0	0	0	0	0	0	0	0	0	0	0	0	0	0	0	0	0	13	12	43	33	0	0	0	0	0	0	0	0	0	0	0	0
k__Bacteria|p__Firmicutes|c__Clostridia|o__Lachnospirales|f__Lachnospiraceae|g__unclassified|s__unclassified_unclassified	0	0	0	0	0	0	0	0	0	0	0	0	0	0	0	0	0	0	13	0	0	0	0	0	0	0	0	0	0	0	0	0	0
k__Bacteria|p__Deferribacterota|c__Deferribacteres|o__Deferribacterales|f__Deferribacteraceae|g__Mucispirillum|s__Mucispirillum_unclassified	0	0	0	0	0	0	0	0	0	0	0	0	0	0	0	0	0	0	0	0	0	15	0	20	0	0	0	0	0	0	0	0	0
k__Bacteria|p__Bacteroidota|c__Bacteroidia|o__Bacteroidales|f__Prevotellaceae|g__Paraprevotella|s__Paraprevotella_unclassified	0	0	0	0	0	0	0	0	0	0	0	0	0	0	0	0	0	16	13	0	0	0	0	0	0	0	0	0	0	0	0	0	0
k__Bacteria|p__Bacteroidota|c__Bacteroidia|o__Bacteroidales|f__Muribaculaceae|g__unclassified|s__unclassified_unclassified	0	0	0	0	0	0	0	0	0	0	0	0	0	0	0	0	0	0	12	0	0	0	0	0	21	0	0	0	0	0	0	0	0
k__Bacteria|p__Bacteroidota|c__Bacteroidia|o__Bacteroidales|f__Rikenellaceae|g__Alistipes|s__Alistipes_unclassified	0	0	0	0	0	0	0	0	0	0	0	0	0	0	0	0	0	24	9	12	0	0	0	0	0	0	0	0	0	0	0	0	0
k__Bacteria|p__Firmicutes|c__Clostridia|o__Lachnospirales|f__Lachnospiraceae|g__unclassified|s__unclassified_unclassified	0	0	0	0	0	0	0	0	0	0	0	0	0	0	0	0	0	55	0	8	0	0	0	0	0	0	0	0	0	0	0	0	0
k__Bacteria|p__Firmicutes|c__Bacilli|o__Erysipelotrichales|f__Erysipelatoclostridiaceae|g__Erysipelatoclostridium|s__Erysipelatoclostridium_unclassified	0	0	0	0	0	0	0	0	0	0	0	0	0	0	0	0	0	0	0	6	16	0	0	0	2	0	0	0	0	0	0	0	0
k__Bacteria|p__Firmicutes|c__Clostridia|o__Lachnospirales|f__Lachnospiraceae|g__Lachnospiraceae NK4A136 group|s__Lachnospiraceae NK4A136 group_unclassified	0	0	0	0	0	0	0	0	0	0	0	0	0	0	0	0	0	0	0	0	38	0	0	0	0	0	0	0	0	0	0	0	0
k__Bacteria|p__Firmicutes|c__Clostridia|o__Lachnospirales|f__Lachnospiraceae|g__unclassified|s__unclassified_unclassified	0	0	0	0	0	0	0	0	0	0	0	0	0	0	0	0	0	0	0	0	0	0	0	9	0	0	0	0	0	0	0	0	0
k__Bacteria|p__Bacteroidota|c__Bacteroidia|o__Bacteroidales|f__Rikenellaceae|g__Alistipes|s__Alistipes_unclassified	0	0	0	0	0	0	0	0	0	0	0	0	0	0	0	0	0	6	0	0	0	0	0	0	0	0	0	0	0	0	0	0	0
k__Bacteria|p__Firmicutes|c__Clostridia|o__Lachnospirales|f__Lachnospiraceae|g__Lachnospiraceae UCG-006|s__Lachnospiraceae UCG-006_unclassified	0	0	0	0	0	0	0	0	0	0	0	0	0	0	0	0	0	0	0	0	0	0	0	0	13	0	0	0	0	0	0	0	0
k__Bacteria|p__Firmicutes|c__Clostridia|o__Lachnospirales|f__Lachnospiraceae|g__unclassified|s__unclassified_unclassified	0	0	0	0	0	0	0	0	0	0	0	0	0	0	0	0	0	0	0	0	0	0	0	77	0	0	0	0	0	0	0	0	0
k__Bacteria|p__Firmicutes|c__Clostridia|o__Peptostreptococcales-Tissierellales|f__Anaerovoracaceae|g__Family XIII UCG-001|s__Family XIII UCG-001_unclassified	0	0	0	0	0	0	0	0	0	0	0	0	0	0	0	0	0	0	19	0	0	0	0	21	0	0	0	0	0	0	0	0	0
k__Bacteria|p__Firmicutes|c__Bacilli|o__Acholeplasmatales|f__Acholeplasmataceae|g__Anaeroplasma|s__Anaeroplasma_unclassified	0	0	0	0	0	0	0	0	0	0	0	0	0	0	0	0	0	0	0	0	0	0	0	0	20	0	0	0	0	0	0	0	0
k__Bacteria|p__Firmicutes|c__Clostridia|o__Clostridia vadinBB60 group|f__unclassified|g__unclassified|s__unclassified_unclassified	0	0	0	0	0	0	0	0	0	0	0	0	0	0	0	0	0	0	11	0	6	0	0	0	7	0	0	0	0	0	0	0	0
k__Bacteria|p__Firmicutes|c__Clostridia|o__Oscillospirales|f__Ruminococcaceae|g__Anaerotruncus|s__Anaerotruncus_unclassified	0	0	0	0	0	0	0	0	0	0	0	0	0	0	0	0	0	0	8	0	0	0	0	0	0	0	0	0	0	0	0	0	0
k__Bacteria|p__Firmicutes|c__Clostridia|o__Clostridia UCG-014|f__unclassified|g__unclassified|s__unclassified_unclassified	0	0	0	0	0	0	0	0	0	0	0	0	0	0	0	0	0	0	14	0	5	4	0	0	0	0	0	0	0	0	0	0	0
k__Bacteria|p__Firmicutes|c__Clostridia|o__Oscillospirales|f__Oscillospiraceae|g__UCG-003|s__UCG-003_unclassified	0	0	0	0	0	0	0	0	0	0	0	0	0	0	0	0	0	0	0	12	12	0	0	12	0	0	0	0	0	0	0	0	0
k__Bacteria|p__Firmicutes|c__Clostridia|o__Lachnospirales|f__Lachnospiraceae|g__Lachnospiraceae UCG-010|s__Lachnospiraceae UCG-010_unclassified	0	0	0	0	0	0	0	0	0	0	0	0	0	0	0	0	0	0	9	0	0	3	0	0	0	0	0	0	0	0	0	0	0
k__Bacteria|p__Firmicutes|c__Clostridia|o__Lachnospirales|f__Lachnospiraceae|g__Roseburia|s__Roseburia_unclassified	0	0	0	0	0	0	0	0	0	0	0	0	0	0	0	0	0	0	41	0	25	0	0	0	0	0	0	0	0	0	0	0	0
k__Bacteria|p__Firmicutes|c__Clostridia|o__Oscillospirales|f__Oscillospiraceae|g__Intestinimonas|s__Intestinimonas_unclassified	0	0	0	0	0	0	0	0	0	0	0	0	0	0	0	0	0	0	0	0	12	0	0	0	0	0	0	0	0	0	0	0	0
k__Bacteria|p__Proteobacteria|c__Gammaproteobacteria|o__Burkholderiales|f__Sutterellaceae|g__Parasutterella|s__Parasutterella_unclassified	0	0	0	0	0	0	0	0	0	0	0	0	0	0	0	0	0	129	0	0	0	0	0	0	0	0	0	0	0	0	0	0	0
k__Bacteria|p__Firmicutes|c__Clostridia|o__Lachnospirales|f__Lachnospiraceae|g__UC5-1-2E3|s__UC5-1-2E3_unclassified	0	0	0	0	0	0	0	0	0	0	0	0	0	0	0	0	0	0	0	30	0	0	0	0	11	0	0	0	0	0	0	0	0
k__Bacteria|p__Firmicutes|c__Bacilli|o__Erysipelotrichales|f__Erysipelatoclostridiaceae|g__Erysipelatoclostridium|s__Erysipelatoclostridium_unclassified	0	0	0	0	0	0	0	0	0	0	0	0	0	0	0	0	0	0	3	0	0	0	0	0	0	0	0	0	0	0	0	0	0
k__Bacteria|p__Firmicutes|c__Bacilli|o__Staphylococcales|f__Gemellaceae|g__Gemella|s__Gemella_unclassified	0	0	0	0	0	0	0	0	0	0	0	0	0	0	0	0	0	9	15	0	0	0	0	0	4	0	0	0	0	0	0	0	0
k__Bacteria|p__Firmicutes|c__Clostridia|o__Oscillospirales|f__Ruminococcaceae|g__Incertae Sedis|s__Incertae Sedis_unclassified	0	0	0	0	0	0	0	0	0	0	0	0	0	0	0	0	0	0	0	20	0	0	0	0	0	0	0	0	0	0	0	0	0
k__Bacteria|p__Firmicutes|c__Clostridia|o__Peptostreptococcales-Tissierellales|f__Anaerovoracaceae|g__Family XIII AD3011 group|s__Family XIII AD3011 group_unclassified	0	0	0	0	0	0	0	0	0	0	0	0	0	0	0	0	0	0	4	0	5	0	0	0	4	0	0	0	0	0	0	0	0
k__Bacteria|p__Firmicutes|c__Clostridia|o__Peptococcales|f__Peptococcaceae|g__Peptococcus|s__Peptococcus_unclassified	0	0	0	0	0	0	0	0	0	0	0	0	0	0	0	0	0	0	11	0	8	0	0	0	0	0	0	0	0	0	0	0	0
k__Bacteria|p__Bacteroidota|c__Bacteroidia|o__Bacteroidales|f__Muribaculaceae|g__unclassified|s__unclassified_unclassified	0	0	0	0	0	0	0	0	0	0	0	0	0	0	0	0	0	0	17	0	0	0	0	0	0	0	0	0	0	0	0	0	0
k__Bacteria|p__Firmicutes|c__Clostridia|o__Oscillospirales|f__Oscillospiraceae|g__Intestinimonas|s__Intestinimonas_unclassified	0	0	0	0	0	0	0	0	0	0	0	0	0	0	0	0	0	0	0	25	17	0	0	0	0	0	0	0	0	0	0	0	0
k__Bacteria|p__Bacteroidota|c__Bacteroidia|o__Bacteroidales|f__Muribaculaceae|g__unclassified|s__unclassified_unclassified	0	0	0	0	0	0	0	0	0	0	0	0	0	0	0	0	0	0	13	0	0	0	0	0	0	0	0	0	0	0	0	0	0
k__Bacteria|p__Firmicutes|c__Clostridia|o__Lachnospirales|f__Lachnospiraceae|g__Lachnospiraceae UCG-001|s__Lachnospiraceae UCG-001_unclassified	0	0	0	0	0	0	0	0	0	0	0	0	0	0	0	0	0	0	0	30	48	0	0	0	0	0	0	0	0	0	0	0	0
k__Bacteria|p__Bacteroidota|c__Bacteroidia|o__Bacteroidales|f__Rikenellaceae|g__Rikenella|s__Rikenella_unclassified	0	0	0	0	0	0	0	0	0	0	0	0	0	0	0	0	0	8	54	6	0	0	0	0	0	0	0	0	0	0	0	0	0
k__Bacteria|p__Firmicutes|c__Clostridia|o__Lachnospirales|f__Lachnospiraceae|g__unclassified|s__unclassified_unclassified	0	0	0	0	0	0	0	0	0	0	0	0	0	0	0	0	0	0	43	0	10	0	0	0	0	0	0	0	0	0	0	0	0
k__Bacteria|p__Firmicutes|c__Clostridia|o__Oscillospirales|f__Ruminococcaceae|g__unclassified|s__unclassified_unclassified	0	0	0	0	0	0	0	0	0	0	0	0	0	0	0	0	0	0	20	30	59	0	0	0	0	0	0	0	0	0	0	0	0
k__Bacteria|p__Firmicutes|c__Clostridia|o__Lachnospirales|f__Lachnospiraceae|g__GCA-900066575|s__GCA-900066575_unclassified	0	0	0	0	0	0	0	0	0	0	0	0	0	0	0	0	0	0	0	0	0	0	0	6	0	0	0	0	0	0	0	0	0
k__Bacteria|p__Firmicutes|c__Clostridia|o__Lachnospirales|f__Lachnospiraceae|g__unclassified|s__unclassified_unclassified	0	0	0	0	0	0	0	0	0	0	0	0	0	0	0	0	0	0	39	0	0	0	0	0	0	0	0	0	0	0	0	0	0
k__Bacteria|p__Patescibacteria|c__Saccharimonadia|o__Saccharimonadales|f__Saccharimonadaceae|g__Candidatus Saccharimonas|s__Candidatus Saccharimonas_unclassified	0	0	0	0	0	0	0	0	0	0	0	0	0	0	0	0	0	0	0	0	0	0	0	19	5	0	0	0	0	0	0	0	0
k__Bacteria|p__Bacteroidota|c__Bacteroidia|o__Bacteroidales|f__Marinifilaceae|g__Odoribacter|s__Odoribacter_unclassified	0	0	0	0	0	0	0	0	0	0	0	0	0	0	0	0	0	0	38	0	0	0	0	0	0	0	0	0	0	0	0	0	0
k__Bacteria|p__Firmicutes|c__Clostridia|o__Lachnospirales|f__Lachnospiraceae|g__GCA-900066575|s__GCA-900066575_unclassified	0	0	0	0	0	0	0	0	0	0	0	0	0	0	0	0	0	0	0	0	0	0	0	4	0	0	0	0	0	0	0	0	0
k__Bacteria|p__Desulfobacterota|c__Desulfovibrionia|o__Desulfovibrionales|f__Desulfovibrionaceae|g__unclassified|s__unclassified_unclassified	0	0	0	0	0	0	0	0	0	0	0	0	0	0	0	0	0	0	0	28	0	0	0	0	0	0	0	0	0	0	0	0	0
k__Bacteria|p__Firmicutes|c__Clostridia|o__Lachnospirales|f__Lachnospiraceae|g__unclassified|s__unclassified_unclassified	0	0	0	0	0	0	0	0	0	0	0	0	0	0	0	0	0	0	0	0	0	12	0	0	0	0	0	0	0	0	0	0	0
k__Bacteria|p__Patescibacteria|c__Saccharimonadia|o__Saccharimonadales|f__Saccharimonadaceae|g__Candidatus Saccharimonas|s__Candidatus Saccharimonas_unclassified	0	0	0	0	0	0	0	0	0	0	0	0	0	0	0	0	0	0	20	0	0	0	0	0	0	0	0	0	0	0	0	0	0
k__Bacteria|p__Firmicutes|c__Bacilli|o__Lactobacillales|f__Streptococcaceae|g__Streptococcus|s__Streptococcus_unclassified	0	0	0	12	6	0	9	0	0	3	0	0	0	3	0	0	0	0	0	0	0	0	0	0	0	0	0	0	0	0	0	0	0
k__Bacteria|p__Firmicutes|c__Clostridia|o__Lachnospirales|f__Lachnospiraceae|g__unclassified|s__unclassified_unclassified	0	0	0	0	0	0	0	0	0	0	0	0	0	0	0	0	0	13	0	0	13	0	0	0	0	0	0	0	0	0	0	0	0
k__Bacteria|p__Firmicutes|c__Clostridia|o__Lachnospirales|f__Lachnospiraceae|g__unclassified|s__unclassified_unclassified	0	0	0	0	0	0	0	0	0	0	0	0	0	0	0	0	0	0	11	15	0	0	0	0	0	0	0	0	0	0	0	0	0
k__Bacteria|p__Bacteroidota|c__Bacteroidia|o__Bacteroidales|f__Bacteroidaceae|g__Bacteroides|s__Bacteroides_unclassified	0	0	19	0	0	0	0	15	15	0	0	0	0	0	9	0	16	0	0	0	0	0	0	0	0	0	0	0	0	0	0	18	12
k__Bacteria|p__Firmicutes|c__Clostridia|o__Clostridia UCG-014|f__unclassified|g__unclassified|s__unclassified_unclassified	0	0	0	0	0	0	0	0	0	0	0	0	0	0	0	0	0	0	0	0	0	0	0	0	26	0	0	0	0	0	0	0	0
k__Bacteria|p__Firmicutes|c__Clostridia|o__Oscillospirales|f__Ruminococcaceae|g__unclassified|s__unclassified_unclassified	0	0	0	0	0	0	0	0	0	0	0	0	0	0	0	0	0	0	0	0	10	0	0	0	0	0	0	0	0	0	0	0	0
k__Bacteria|p__Firmicutes|c__Clostridia|o__Lachnospirales|f__Lachnospiraceae|g__unclassified|s__unclassified_unclassified	0	0	0	0	0	0	0	0	0	0	0	0	0	0	0	0	0	11	0	0	0	0	0	0	0	0	0	0	0	0	0	0	0
k__Bacteria|p__Actinobacteriota|c__Coriobacteriia|o__Coriobacteriales|f__Atopobiaceae|g__Coriobacteriaceae UCG-002|s__Coriobacteriaceae UCG-002_unclassified	0	0	0	0	0	0	0	0	0	0	0	0	0	0	0	0	0	3	3	0	0	0	0	0	0	0	0	0	0	0	0	0	0
k__Bacteria|p__Bacteroidota|c__Bacteroidia|o__Bacteroidales|f__Bacteroidaceae|g__Bacteroides|s__Bacteroides_uniformis	0	0	0	0	0	0	0	0	0	0	0	0	0	0	0	0	0	10	0	0	0	0	0	0	0	0	0	0	0	0	0	0	0
k__Bacteria|p__Firmicutes|c__Clostridia|o__Oscillospirales|f__Ruminococcaceae|g__Incertae Sedis|s__Incertae Sedis_unclassified	0	0	0	0	0	0	0	0	0	0	0	0	0	0	0	0	0	0	0	0	0	0	0	32	0	0	0	0	0	0	0	0	0
k__Bacteria|p__Firmicutes|c__Clostridia|o__Peptococcales|f__Peptococcaceae|g__Peptococcus|s__Peptococcus_unclassified	0	0	0	0	0	0	0	0	0	0	0	0	0	0	0	0	0	0	0	0	8	0	0	0	0	0	0	0	0	0	0	0	0
k__Bacteria|p__Deferribacterota|c__Deferribacteres|o__Deferribacterales|f__Deferribacteraceae|g__unclassified|s__unclassified_unclassified	0	0	0	0	0	0	0	0	0	0	0	0	0	0	0	0	0	0	0	10	0	0	0	0	0	0	0	0	0	0	0	0	0
k__Bacteria|p__Firmicutes|c__Bacilli|o__Lactobacillales|f__Lactobacillaceae|g__Lactobacillus|s__Lactobacillus_unclassified	0	0	0	0	0	0	0	0	0	0	0	0	0	0	0	0	0	0	0	32	0	0	0	0	0	0	0	0	0	0	0	0	0
k__Bacteria|p__Bacteroidota|c__Bacteroidia|o__Bacteroidales|f__Bacteroidaceae|g__Bacteroides|s__Bacteroides_unclassified	0	0	0	0	0	0	0	0	0	0	0	0	0	37	0	13	0	0	0	0	0	0	0	0	0	0	0	0	42	0	0	0	0
k__Bacteria|p__Proteobacteria|c__Gammaproteobacteria|o__Enterobacterales|f__Enterobacteriaceae|g__Klebsiella|s__Klebsiella_unclassified	0	0	13	0	0	0	0	10	0	0	0	0	0	16	0	0	0	0	0	0	0	0	0	0	0	0	0	0	0	0	30	0	0
k__Bacteria|p__Firmicutes|c__Bacilli|o__Erysipelotrichales|f__Erysipelotrichaceae|g__Dubosiella|s__Dubosiella_unclassified	0	0	0	0	0	0	0	0	0	0	0	0	0	0	0	0	0	0	0	0	0	0	20	3	0	0	0	0	0	0	0	0	0
k__Bacteria|p__Patescibacteria|c__Saccharimonadia|o__Saccharimonadales|f__Saccharimonadaceae|g__Candidatus Saccharimonas|s__Candidatus Saccharimonas_unclassified	0	0	0	0	0	0	0	0	0	0	0	0	0	0	0	0	0	4	0	0	0	0	0	0	0	0	0	0	0	0	0	0	0
k__Bacteria|p__Actinobacteriota|c__Coriobacteriia|o__Coriobacteriales|f__Eggerthellaceae|g__unclassified|s__unclassified_unclassified	0	0	0	0	0	0	0	0	0	0	0	0	0	0	0	0	0	6	0	0	0	0	0	0	0	0	0	0	0	0	0	0	0
k__Bacteria|p__Firmicutes|c__Bacilli|o__Lactobacillales|f__Streptococcaceae|g__Lactococcus|s__Lactococcus_unclassified	0	0	0	0	0	0	0	0	0	0	0	0	0	0	0	0	0	22	0	0	0	0	0	0	3	0	0	0	0	0	0	0	0
k__Bacteria|p__Firmicutes|c__Clostridia|o__Lachnospirales|f__Lachnospiraceae|g__unclassified|s__unclassified_unclassified	0	0	0	0	0	0	0	0	0	0	0	0	0	0	0	0	0	0	6	7	13	0	0	0	0	0	0	0	0	0	0	0	0
k__Bacteria|p__Firmicutes|c__Clostridia|o__Oscillospirales|f__Oscillospiraceae|g__Colidextribacter|s__Colidextribacter_unclassified	0	0	0	0	0	0	0	0	0	0	0	0	0	0	0	0	0	0	0	0	0	0	0	10	0	0	0	0	0	0	0	0	0
k__Bacteria|p__Firmicutes|c__Clostridia|o__Lachnospirales|f__Lachnospiraceae|g__unclassified|s__unclassified_unclassified	0	0	0	0	0	0	0	0	0	0	0	0	0	0	0	0	0	0	7	0	0	0	0	0	0	0	0	0	0	0	0	0	0
k__Bacteria|p__Firmicutes|c__Bacilli|o__Mycoplasmatales|f__Mycoplasmataceae|g__Ureaplasma|s__Ureaplasma_unclassified	0	0	0	0	0	0	0	0	0	0	0	0	0	0	0	0	0	5	0	0	0	0	0	0	3	0	0	0	0	0	0	0	0
k__Bacteria|p__Actinobacteriota|c__Coriobacteriia|o__Coriobacteriales|f__Eggerthellaceae|g__Gordonibacter|s__Gordonibacter_unclassified	0	0	0	0	0	0	0	0	0	0	0	0	0	0	0	0	0	0	0	0	4	0	0	0	0	0	0	0	0	0	0	0	0
k__Bacteria|p__Patescibacteria|c__Saccharimonadia|o__Saccharimonadales|f__Saccharimonadaceae|g__Candidatus Saccharimonas|s__Candidatus Saccharimonas_unclassified	0	0	0	0	0	0	0	0	0	0	0	0	0	0	0	0	0	0	0	0	0	0	0	0	13	0	0	0	0	0	0	0	0
k__Bacteria|p__Firmicutes|c__Bacilli|o__Mycoplasmatales|f__Mycoplasmataceae|g__Mycoplasma|s__Mycoplasma_unclassified	0	0	0	0	0	0	0	0	0	0	0	0	0	0	0	0	0	0	0	0	24	0	0	0	0	0	0	0	0	0	0	0	0
k__Bacteria|p__Patescibacteria|c__Saccharimonadia|o__Saccharimonadales|f__Saccharimonadaceae|g__Candidatus Saccharimonas|s__Candidatus Saccharimonas_unclassified	0	0	0	0	0	0	0	0	0	0	0	0	0	0	0	0	0	0	14	10	0	0	0	0	0	0	0	0	0	0	0	0	0
k__Bacteria|p__Proteobacteria|c__Gammaproteobacteria|o__Enterobacterales|f__Enterobacteriaceae|g__Klebsiella|s__Klebsiella_unclassified	0	0	0	0	0	0	0	0	0	0	0	0	0	0	0	0	14	0	0	0	0	0	0	0	0	0	0	0	0	0	0	0	0
k__Bacteria|p__Proteobacteria|c__Gammaproteobacteria|o__Enterobacterales|f__Enterobacteriaceae|g__Escherichia-Shigella|s__Escherichia-Shigella_unclassified	0	0	0	0	0	0	46	0	0	0	0	0	0	0	0	0	0	0	0	0	0	0	0	0	0	0	0	0	0	0	0	0	0
k__Bacteria|p__Firmicutes|c__Clostridia|o__Oscillospirales|f__Oscillospiraceae|g__Intestinimonas|s__Intestinimonas_unclassified	0	0	0	0	0	0	0	0	0	0	0	0	0	0	0	0	0	0	0	7	0	0	0	0	0	0	0	0	0	0	0	0	0
k__Bacteria|p__Desulfobacterota|c__Desulfovibrionia|o__Desulfovibrionales|f__Desulfovibrionaceae|g__Desulfovibrio|s__Desulfovibrio_unclassified	0	0	0	0	0	0	0	0	0	0	0	0	0	0	0	0	0	0	0	0	8	0	0	0	0	0	0	0	0	0	0	0	0
k__Bacteria|p__Proteobacteria|c__Gammaproteobacteria|o__Enterobacterales|f__Enterobacteriaceae|g__Klebsiella|s__Klebsiella_unclassified	0	0	0	0	0	0	0	0	0	0	0	0	0	0	0	0	0	0	0	0	0	0	0	0	0	0	0	0	10	0	0	0	0
k__Bacteria|p__Firmicutes|c__Clostridia|o__Oscillospirales|f__Oscillospiraceae|g__Oscillibacter|s__Oscillibacter_unclassified	0	0	0	0	0	0	0	0	0	0	0	0	0	0	0	0	0	0	0	0	0	0	0	10	0	0	0	0	0	0	0	0	0
k__Bacteria|p__Cyanobacteria|c__Cyanobacteriia|o__Chloroplast|f__unclassified|g__unclassified|s__unclassified_unclassified	0	0	0	0	8	0	3	0	0	0	0	0	0	0	0	0	0	0	0	0	0	0	0	0	0	0	0	0	0	0	2	0	0
k__Bacteria|p__Bacteroidota|c__Bacteroidia|o__Bacteroidales|f__Bacteroidaceae|g__Bacteroides|s__Bacteroides_unclassified	0	0	0	0	0	25	0	0	0	0	0	0	0	0	0	0	0	0	0	0	0	0	0	0	0	0	0	0	0	0	0	0	0
k__Bacteria|p__Firmicutes|c__Bacilli|o__Lactobacillales|f__Leuconostocaceae|g__Weissella|s__Weissella_cibaria	0	2	0	6	4	0	0	2	0	0	0	0	0	0	0	0	0	0	0	0	0	0	0	0	0	0	0	0	0	0	0	0	0
k__Bacteria|p__Firmicutes|c__Clostridia|o__Oscillospirales|f__Ruminococcaceae|g__unclassified|s__unclassified_unclassified	0	0	0	0	0	0	0	0	0	0	0	0	0	0	0	0	0	0	24	0	0	0	0	0	0	0	0	0	0	0	0	0	0
k__Bacteria|p__Proteobacteria|c__Gammaproteobacteria|o__Enterobacterales|f__Enterobacteriaceae|g__Escherichia-Shigella|s__Escherichia-Shigella_unclassified	0	0	0	0	0	0	23	0	0	0	0	0	0	0	0	0	0	0	0	0	0	0	0	0	0	0	0	0	0	0	0	0	0
k__Bacteria|p__Firmicutes|c__Clostridia|o__Clostridia UCG-014|f__unclassified|g__unclassified|s__unclassified_unclassified	0	0	0	0	0	0	0	0	0	0	0	0	0	0	0	0	0	0	8	0	0	0	0	0	0	0	0	0	0	0	0	0	0
k__Bacteria|p__Bacteroidota|c__Bacteroidia|o__Bacteroidales|f__Bacteroidaceae|g__Bacteroides|s__Bacteroides_unclassified	0	0	0	0	0	0	0	0	0	0	0	0	0	0	0	0	0	0	0	0	0	0	0	0	0	0	0	0	0	0	0	13	0
k__Bacteria|p__Proteobacteria|c__Gammaproteobacteria|o__Pseudomonadales|f__Pseudomonadaceae|g__Pseudomonas|s__Pseudomonas_antarctica	0	0	0	0	0	0	0	0	0	0	0	0	0	2	0	0	0	0	0	0	0	0	0	0	0	0	0	0	0	0	0	0	0
k__Bacteria|p__Bacteroidota|c__Bacteroidia|o__Bacteroidales|f__Bacteroidaceae|g__Bacteroides|s__Bacteroides_unclassified	0	0	0	0	0	0	0	0	0	0	0	0	0	19	0	0	0	0	0	0	0	0	0	0	0	0	0	0	0	0	0	0	0
k__Bacteria|p__Bacteroidota|c__Bacteroidia|o__Bacteroidales|f__Bacteroidaceae|g__Bacteroides|s__Bacteroides_unclassified	0	16	0	0	0	0	0	0	0	0	0	0	0	0	0	0	0	0	0	0	0	0	0	0	0	0	0	0	0	0	0	0	0
k__Bacteria|p__Proteobacteria|c__Alphaproteobacteria|o__Rhizobiales|f__Rhizobiaceae|g__Pseudaminobacter|s__Pseudaminobacter_unclassified	0	0	0	0	0	0	0	0	0	0	0	0	0	0	0	0	0	0	0	0	0	0	0	0	0	0	0	0	12	0	0	0	0
k__Bacteria|p__Firmicutes|c__Clostridia|o__Lachnospirales|f__Lachnospiraceae|g__Lachnospiraceae UCG-010|s__Lachnospiraceae UCG-010_unclassified	0	0	0	0	0	0	0	0	0	0	0	0	0	0	0	0	0	0	11	0	4	0	0	0	0	0	0	0	0	0	0	0	0
k__Bacteria|p__Proteobacteria|c__Gammaproteobacteria|o__Enterobacterales|f__Enterobacteriaceae|g__unclassified|s__unclassified_unclassified	0	0	0	0	0	0	0	0	0	0	0	0	0	0	0	0	0	0	0	0	0	0	0	0	0	0	0	0	0	0	15	0	0
k__Bacteria|p__Firmicutes|c__Bacilli|o__Lactobacillales|f__Streptococcaceae|g__Streptococcus|s__Streptococcus_halotolerans	0	0	0	0	0	0	0	0	0	0	0	0	0	0	0	0	0	0	0	0	0	7	0	0	0	0	0	0	0	0	0	0	0
k__Bacteria|p__Firmicutes|c__Clostridia|o__Peptostreptococcales-Tissierellales|f__Peptostreptococcaceae|g__Peptostreptococcus|s__Peptostreptococcus_unclassified	0	0	0	3	4	0	0	0	0	0	0	0	0	0	0	0	0	0	0	0	0	0	0	0	0	0	0	0	0	0	0	0	0
k__Bacteria|p__Proteobacteria|c__Gammaproteobacteria|o__Burkholderiales|f__Burkholderiaceae|g__Burkholderia-Caballeronia-Paraburkholderia|s__Burkholderia-Caballeronia-Paraburkholderia_unclassified	0	0	0	4	0	0	0	0	0	0	0	0	0	0	0	0	0	0	0	0	0	0	0	0	0	0	0	0	0	0	0	0	0
k__Bacteria|p__Bacteroidota|c__Bacteroidia|o__Flavobacteriales|f__Weeksellaceae|g__Chryseobacterium|s__Chryseobacterium_indologenes	0	0	0	0	0	0	0	0	6	0	2	0	0	0	0	0	0	0	0	0	0	0	0	0	0	0	0	0	0	0	0	0	0
k__Bacteria|p__Bacteroidota|c__Bacteroidia|o__Bacteroidales|f__Bacteroidaceae|g__Bacteroides|s__Bacteroides_unclassified	0	0	0	0	0	0	0	0	0	0	0	0	0	0	0	0	0	0	0	0	0	0	0	0	0	0	0	0	12	0	0	0	0
