k__Bacteria|p__Bacteroidota|c__Bacteroidia|o__Bacteroidales|f__Bacteroidaceae|g__Bacteroides|s__Bacteroides_acidifaciens	35	712	107	0	616	609	1129	397	209	562	284	1923	989	815	1254	2941	1171	716
k__Bacteria|p__Proteobacteria|c__Gammaproteobacteria|o__Enterobacterales|f__Enterobacteriaceae|g__unclassified|s__unclassified_unclassified	0	0	9	0	0	0	0	0	0	0	0	355	0	2986	0	4	2	0
k__Bacteria|p__Firmicutes|c__Bacilli|o__Lactobacillales|f__Lactobacillaceae|g__Lactobacillus|s__Lactobacillus_murinus	294	258	318	258	403	446	914	761	6	1150	664	4588	1151	1660	3936	920	721	509
k__Bacteria|p__Firmicutes|c__Bacilli|o__Lactobacillales|f__Lactobacillaceae|g__Lactobacillus|s__Lactobacillus_johnsonii	15	135	92	470	125	54	30	26	52	1761	3105	866	679	430	2288	1161	2464	1215
k__Bacteria|p__Bacteroidota|c__Bacteroidia|o__Bacteroidales|f__Rikenellaceae|g__Alistipes|s__Alistipes_unclassified	46	106	12	373	52	73	98	0	13	971	518	181	130	998	777	92	28	185
k__Bacteria|p__Bacteroidota|c__Bacteroidia|o__Bacteroidales|f__Bacteroidaceae|g__Bacteroides|s__Bacteroides_vulgatus	10	137	0	0	29	45	208	32	35	63	22	173	28	13	77	1859	795	102
k__Bacteria|p__Bacteroidota|c__Bacteroidia|o__Bacteroidales|f__Marinifilaceae|g__Odoribacter|s__Odoribacter_unclassified	0	369	56	87	82	188	32	153	13	247	159	825	740	439	270	81	15	132
k__Bacteria|p__Bacteroidota|c__Bacteroidia|o__Bacteroidales|f__Muribaculaceae|g__unclassified|s__unclassified_unclassified	0	308	35	0	254	612	629	369	56	1129	614	222	326	235	592	280	284	421
k__Bacteria|p__Bacteroidota|c__Bacteroidia|o__Bacteroidales|f__Prevotellaceae|g__Prevotellaceae UCG-001|s__Prevotellaceae UCG-001_unclassified	161	1211	97	1088	480	1640	2653	541	349	3167	2337	1248	793	2877	1819	1455	167	3419
k__Bacteria|p__Proteobacteria|c__Gammaproteobacteria|o__Enterobacterales|f__Enterobacteriaceae|g__Escherichia-Shigella|s__Escherichia-Shigella_unclassified	85	25	6	0	0	0	11	0	7	0	0	5	0	206	0	0	0	0
k__Bacteria|p__Bacteroidota|c__Bacteroidia|o__Bacteroidales|f__Muribaculaceae|g__unclassified|s__unclassified_unclassified	0	19	0	0	69	189	92	178	0	116	48	77	139	15	13	0	22	21
k__Bacteria|p__Bacteroidota|c__Bacteroidia|o__Bacteroidales|f__Prevotellaceae|g__Prevotellaceae UCG-001|s__Prevotellaceae UCG-001_unclassified	0	0	0	0	0	0	0	0	37	0	0	0	0	0	0	0	0	0
k__Bacteria|p__Firmicutes|c__Bacilli|o__Lactobacillales|f__Lactobacillaceae|g__Lactobacillus|s__Lactobacillus_reuteri	22	97	95	195	80	36	81	35	30	533	1180	642	405	165	719	236	579	455
k__Bacteria|p__Bacteroidota|c__Bacteroidia|o__Bacteroidales|f__Muribaculaceae|g__unclassified|s__unclassified_unclassified	0	84	199	0	101	113	74	124	84	346	163	665	745	263	296	103	156	266
k__Bacteria|p__Bacteroidota|c__Bacteroidia|o__Bacteroidales|f__Bacteroidaceae|g__Bacteroides|s__Bacteroides_unclassified	12	311	161	20	355	662	300	513	185	1032	583	945	830	1344	906	0	302	1355
k__Bacteria|p__Bacteroidota|c__Bacteroidia|o__Bacteroidales|f__Rikenellaceae|g__Rikenellaceae RC9 gut group|s__Rikenellaceae RC9 gut group_unclassified	0	502	8	0	402	660	417	458	90	821	439	181	707	1166	998	404	323	912
k__Bacteria|p__Bacteroidota|c__Bacteroidia|o__Bacteroidales|f__Muribaculaceae|g__unclassified|s__unclassified_unclassified	38	144	125	395	163	268	413	671	53	0	0	328	387	170	209	40	20	187
k__Bacteria|p__Campilobacterota|c__Campylobacteria|o__Campylobacterales|f__Helicobacteraceae|g__Helicobacter|s__Helicobacter_bilis	72	144	339	0	211	195	50	190	47	631	535	250	433	599	305	26	226	184
k__Bacteria|p__Bacteroidota|c__Bacteroidia|o__Bacteroidales|f__Rikenellaceae|g__Alistipes|s__Alistipes_unclassified	0	0	0	0	75	214	92	295	0	65	57	0	0	0	0	0	0	0
k__Bacteria|p__Firmicutes|c__Clostridia|o__Lachnospirales|f__Lachnospiraceae|g__Lachnospiraceae UCG-004|s__Lachnospiraceae UCG-004_unclassified	45	18	0	11	24	37	0	63	0	121	60	167	259	26	227	133	66	269
k__Bacteria|p__Firmicutes|c__Clostridia|o__Lachnospirales|f__Lachnospiraceae|g__Lachnoclostridium|s__Lachnoclostridium_unclassified	51	63	19	19	0	0	0	0	0	26	0	87	109	0	58	22	68	64
k__Bacteria|p__Firmicutes|c__Clostridia|o__Lachnospirales|f__Lachnospiraceae|g__Lachnospiraceae NK4A136 group|s__Lachnospiraceae NK4A136 group_unclassified	0	0	38	176	81	39	46	355	23	349	166	0	0	288	362	0	68	1500
k__Bacteria|p__Firmicutes|c__Bacilli|o__Lactobacillales|f__Lactobacillaceae|g__Lactobacillus|s__Lactobacillus_intestinalis	0	0	0	93	0	0	0	6	0	838	2115	0	0	0	13	0	590	1079
k__Bacteria|p__Firmicutes|c__Clostridia|o__Oscillospirales|f__Oscillospiraceae|g__Oscillibacter|s__Oscillibacter_unclassified	54	71	0	24	10	25	14	110	0	107	54	102	386	27	51	39	13	156
k__Bacteria|p__Bacteroidota|c__Bacteroidia|o__Bacteroidales|f__Muribaculaceae|g__unclassified|s__unclassified_unclassified	0	0	0	0	0	6	18	6	0	9	0	0	0	0	0	0	0	0
k__Bacteria|p__Firmicutes|c__Clostridia|o__Lachnospirales|f__Lachnospiraceae|g__Lachnospiraceae NK4A136 group|s__Lachnospiraceae NK4A136 group_unclassified	160	207	0	0	35	217	54	485	0	58	21	33	64	0	0	0	15	0
k__Bacteria|p__Bacteroidota|c__Bacteroidia|o__Bacteroidales|f__Tannerellaceae|g__Parabacteroides|s__Parabacteroides_unclassified	0	120	5	0	75	98	102	48	12	301	155	0	8	109	244	985	199	247
k__Bacteria|p__Bacteroidota|c__Bacteroidia|o__Bacteroidales|f__Muribaculaceae|g__unclassified|s__unclassified_unclassified	0	9	21	0	38	49	69	74	14	94	62	15	19	32	58	42	16	65
k__Bacteria|p__Firmicutes|c__Clostridia|o__Lachnospirales|f__Lachnospiraceae|g__Lachnospiraceae NK4A136 group|s__Lachnospiraceae NK4A136 group_unclassified	0	0	0	0	0	0	0	0	0	0	0	0	0	50	144	0	0	0
k__Bacteria|p__Firmicutes|c__Clostridia|o__Lachnospirales|f__Lachnospiraceae|g__Lachnospiraceae FCS020 group|s__Lachnospiraceae FCS020 group_unclassified	12	50	22	7	14	28	19	113	0	231	96	246	299	52	498	170	46	484
k__Bacteria|p__Bacteroidota|c__Bacteroidia|o__Bacteroidales|f__Rikenellaceae|g__Alistipes|s__Alistipes_unclassified	0	0	0	0	36	105	14	45	0	111	62	0	0	55	40	95	5	8
k__Bacteria|p__Bacteroidota|c__Bacteroidia|o__Bacteroidales|f__Bacteroidaceae|g__Bacteroides|s__Bacteroides_unclassified	0	4	8	0	0	0	0	20	0	17	0	0	5	26	0	0	0	21
k__Bacteria|p__Bacteroidota|c__Bacteroidia|o__Bacteroidales|f__Bacteroidaceae|g__Bacteroides|s__Bacteroides_unclassified	0	101	0	0	96	71	114	0	0	0	0	80	64	0	0	0	0	0
k__Bacteria|p__Firmicutes|c__Clostridia|o__Lachnospirales|f__Lachnospiraceae|g__A2|s__A2_unclassified	693	0	12	59	24	76	22	441	0	10	6	15	0	168	31	17	79	597
k__Bacteria|p__Firmicutes|c__Clostridia|o__Lachnospirales|f__Lachnospiraceae|g__Lachnospiraceae NK4A136 group|s__Lachnospiraceae NK4A136 group_unclassified	0	0	0	0	0	0	0	0	0	0	0	0	0	0	118	0	16	0
k__Bacteria|p__Firmicutes|c__Clostridia|o__Lachnospirales|f__Lachnospiraceae|g__Lachnospiraceae UCG-001|s__Lachnospiraceae UCG-001_unclassified	0	0	4	0	0	0	0	0	13	1251	1157	110	92	47	2873	1079	30	428
k__Bacteria|p__Firmicutes|c__Clostridia|o__Lachnospirales|f__Lachnospiraceae|g__Lachnospiraceae NK4A136 group|s__Lachnospiraceae NK4A136 group_bacterium	28	0	0	0	0	0	0	0	0	0	0	0	0	0	135	53	0	0
k__Bacteria|p__Bacteroidota|c__Bacteroidia|o__Bacteroidales|f__Muribaculaceae|g__unclassified|s__unclassified_unclassified	0	87	5	0	127	271	289	187	31	187	127	144	306	210	93	60	121	193
k__Bacteria|p__Firmicutes|c__Clostridia|o__Oscillospirales|f__Oscillospiraceae|g__unclassified|s__unclassified_unclassified	0	0	17	0	0	0	0	48	0	172	37	48	75	46	271	29	0	0
k__Bacteria|p__Firmicutes|c__Clostridia|o__Lachnospirales|f__Lachnospiraceae|g__Lachnospiraceae NK4A136 group|s__Lachnospiraceae NK4A136 group_bacterium	0	0	8	0	0	0	0	6	0	31	30	223	404	25	17	38	0	0
k__Bacteria|p__Bacteroidota|c__Bacteroidia|o__Bacteroidales|f__Muribaculaceae|g__unclassified|s__unclassified_unclassified	0	136	46	0	105	286	171	172	62	311	175	219	326	501	429	166	148	325
k__Bacteria|p__Firmicutes|c__Clostridia|o__Lachnospirales|f__Lachnospiraceae|g__[Eubacterium] xylanophilum group|s__[Eubacterium] xylanophilum group_unclassified	0	0	0	7	0	109	0	113	0	78	29	13	24	87	0	0	0	173
k__Bacteria|p__Bacteroidota|c__Bacteroidia|o__Bacteroidales|f__Muribaculaceae|g__Muribaculum|s__Muribaculum_unclassified	0	29	0	0	43	31	39	42	9	201	120	21	34	67	239	224	53	70
k__Bacteria|p__Bacteroidota|c__Bacteroidia|o__Bacteroidales|f__Prevotellaceae|g__Prevotellaceae UCG-001|s__Prevotellaceae UCG-001_unclassified	0	65	0	0	32	100	137	63	10	222	96	60	77	136	179	184	29	106
k__Bacteria|p__Firmicutes|c__Clostridia|o__Lachnospirales|f__Lachnospiraceae|g__Roseburia|s__Roseburia_unclassified	0	0	0	0	5	50	183	46	40	242	248	0	0	160	47	0	0	1065
k__Bacteria|p__Bacteroidota|c__Bacteroidia|o__Bacteroidales|f__Bacteroidaceae|g__Bacteroides|s__Bacteroides_caecimuris	0	54	0	0	39	64	79	38	0	112	78	0	35	129	83	0	0	57
k__Bacteria|p__Firmicutes|c__Bacilli|o__Lactobacillales|f__Lactobacillaceae|g__Lactobacillus|s__Lactobacillus_unclassified	0	0	66	0	68	128	189	122	0	182	118	277	84	319	763	178	0	0
k__Bacteria|p__Firmicutes|c__Clostridia|o__Lachnospirales|f__Lachnospiraceae|g__unclassified|s__unclassified_unclassified	45	22	7	0	0	33	0	58	0	31	14	110	239	14	32	11	0	52
k__Bacteria|p__Firmicutes|c__Clostridia|o__Lachnospirales|f__Lachnospiraceae|g__Lachnospiraceae NK4A136 group|s__Lachnospiraceae NK4A136 group_unclassified	84	43	0	0	0	34	0	78	0	0	0	250	416	0	0	53	0	0
k__Bacteria|p__Bacteroidota|c__Bacteroidia|o__Bacteroidales|f__Muribaculaceae|g__unclassified|s__unclassified_unclassified	0	110	36	0	99	133	268	203	34	307	161	139	183	122	329	63	118	218
k__Bacteria|p__Bacteroidota|c__Bacteroidia|o__Bacteroidales|f__Prevotellaceae|g__Alloprevotella|s__Alloprevotella_unclassified	0	35	0	0	130	617	988	185	12	596	395	135	356	599	219	2275	0	0
k__Bacteria|p__Bacteroidota|c__Bacteroidia|o__Bacteroidales|f__Muribaculaceae|g__unclassified|s__unclassified_unclassified	0	0	0	0	0	251	62	89	0	0	0	0	0	0	0	0	0	0
k__Bacteria|p__Firmicutes|c__Clostridia|o__Lachnospirales|f__Lachnospiraceae|g__Lachnospiraceae NK4A136 group|s__Lachnospiraceae NK4A136 group_unclassified	0	0	0	0	0	0	0	0	0	0	0	0	0	0	71	0	0	0
k__Bacteria|p__Actinobacteriota|c__Actinobacteria|o__Bifidobacteriales|f__Bifidobacteriaceae|g__Bifidobacterium|s__Bifidobacterium_pseudolongum	31	18	42	0	23	46	108	53	32	443	257	528	45	0	87	34	150	147
k__Bacteria|p__Proteobacteria|c__Gammaproteobacteria|o__Burkholderiales|f__Sutterellaceae|g__Parasutterella|s__Parasutterella_unclassified	160	137	198	97	115	116	298	409	36	508	279	1091	296	30	131	59	366	373
k__Bacteria|p__Bacteroidota|c__Bacteroidia|o__Bacteroidales|f__Muribaculaceae|g__unclassified|s__unclassified_unclassified	0	60	44	0	83	138	113	189	39	331	144	135	234	110	285	124	35	96
k__Bacteria|p__Firmicutes|c__Clostridia|o__Lachnospirales|f__Lachnospiraceae|g__Lachnospiraceae NK4A136 group|s__Lachnospiraceae NK4A136 group_unclassified	86	47	53	0	0	0	0	0	0	0	0	184	802	13	0	51	0	170
k__Bacteria|p__Bacteroidota|c__Bacteroidia|o__Bacteroidales|f__Muribaculaceae|g__unclassified|s__unclassified_unclassified	0	0	0	0	60	108	71	113	13	90	34	20	56	58	35	0	46	41
k__Bacteria|p__Firmicutes|c__Clostridia|o__Lachnospirales|f__Lachnospiraceae|g__unclassified|s__unclassified_unclassified	0	0	0	12	17	9	4	34	0	50	33	155	331	0	0	0	31	66
k__Bacteria|p__Firmicutes|c__Clostridia|o__Oscillospirales|f__Ruminococcaceae|g__Incertae Sedis|s__Incertae Sedis_unclassified	0	0	17	0	0	13	0	22	0	0	0	59	186	29	16	14	0	17
k__Bacteria|p__Bacteroidota|c__Bacteroidia|o__Bacteroidales|f__Prevotellaceae|g__Prevotellaceae UCG-001|s__Prevotellaceae UCG-001_unclassified	0	0	0	260	124	393	567	117	73	733	486	277	178	324	466	322	43	705
k__Bacteria|p__Campilobacterota|c__Campylobacteria|o__Campylobacterales|f__Helicobacteraceae|g__Helicobacter|s__Helicobacter_apodemus	546	447	333	202	153	99	117	603	33	0	0	852	841	0	0	0	54	373
k__Bacteria|p__Firmicutes|c__Clostridia|o__Lachnospirales|f__Lachnospiraceae|g__unclassified|s__unclassified_unclassified	51	40	0	0	42	20	0	80	0	19	0	0	23	86	104	35	0	109
k__Bacteria|p__Bacteroidota|c__Bacteroidia|o__Bacteroidales|f__Muribaculaceae|g__unclassified|s__unclassified_unclassified	0	41	69	0	75	141	93	204	28	309	163	114	241	219	357	128	111	120
k__Bacteria|p__Firmicutes|c__Clostridia|o__Lachnospirales|f__Lachnospiraceae|g__unclassified|s__unclassified_unclassified	124	40	0	70	43	69	0	186	0	30	10	175	89	78	26	0	23	527
k__Bacteria|p__Bacteroidota|c__Bacteroidia|o__Bacteroidales|f__Muribaculaceae|g__unclassified|s__unclassified_unclassified	0	0	0	0	35	64	37	0	0	140	70	0	0	166	221	0	142	90
k__Bacteria|p__Firmicutes|c__Clostridia|o__Lachnospirales|f__Lachnospiraceae|g__unclassified|s__unclassified_unclassified	0	0	0	21	46	0	0	204	0	0	0	49	44	0	80	80	0	311
k__Bacteria|p__Firmicutes|c__Clostridia|o__Lachnospirales|f__Lachnospiraceae|g__Roseburia|s__Roseburia_unclassified	0	0	7	114	40	34	43	418	26	79	44	385	140	109	317	11	11	1462
k__Bacteria|p__Firmicutes|c__Clostridia|o__Lachnospirales|f__Lachnospiraceae|g__Lachnospiraceae NK4A136 group|s__Lachnospiraceae NK4A136 group_unclassified	0	122	0	0	0	0	0	0	0	0	0	0	0	0	220	0	0	0
k__Bacteria|p__Bacteroidota|c__Bacteroidia|o__Bacteroidales|f__Rikenellaceae|g__Alistipes|s__Alistipes_unclassified	0	0	0	0	8	44	17	15	0	45	38	0	0	40	11	44	0	47
k__Bacteria|p__Bacteroidota|c__Bacteroidia|o__Bacteroidales|f__Muribaculaceae|g__unclassified|s__unclassified_unclassified	0	39	0	0	89	72	144	124	25	360	182	29	36	64	214	223	133	85
k__Bacteria|p__Bacteroidota|c__Bacteroidia|o__Bacteroidales|f__Muribaculaceae|g__unclassified|s__unclassified_unclassified	9	101	0	0	75	245	302	218	36	154	58	45	76	138	195	89	9	17
k__Bacteria|p__Firmicutes|c__Clostridia|o__Oscillospirales|f__Oscillospiraceae|g__unclassified|s__unclassified_unclassified	0	22	0	0	14	37	0	105	0	153	69	84	175	28	156	26	0	29
k__Bacteria|p__Bacteroidota|c__Bacteroidia|o__Bacteroidales|f__Muribaculaceae|g__unclassified|s__unclassified_unclassified	0	67	0	0	0	0	0	0	0	162	86	0	0	134	148	33	53	54
k__Bacteria|p__Bacteroidota|c__Bacteroidia|o__Bacteroidales|f__Muribaculaceae|g__unclassified|s__unclassified_unclassified	0	46	17	0	60	139	85	71	56	213	128	74	196	305	135	39	75	83
k__Bacteria|p__Firmicutes|c__Clostridia|o__Lachnospirales|f__Lachnospiraceae|g__Lachnoclostridium|s__Lachnoclostridium_unclassified	72	40	71	19	13	27	17	99	0	67	20	282	89	32	82	48	80	213
k__Bacteria|p__Firmicutes|c__Clostridia|o__Lachnospirales|f__Lachnospiraceae|g__unclassified|s__unclassified_unclassified	10	46	0	0	10	0	0	29	0	31	14	143	110	27	37	0	0	127
k__Bacteria|p__Firmicutes|c__Clostridia|o__Lachnospirales|f__Lachnospiraceae|g__unclassified|s__unclassified_unclassified	0	17	0	0	0	0	0	42	0	52	30	28	89	0	0	0	0	0
k__Bacteria|p__Firmicutes|c__Clostridia|o__Lachnospirales|f__Lachnospiraceae|g__unclassified|s__unclassified_unclassified	0	0	0	0	0	17	0	40	0	0	0	16	32	12	0	19	0	27
k__Bacteria|p__Verrucomicrobiota|c__Verrucomicrobiae|o__Verrucomicrobiales|f__Akkermansiaceae|g__Akkermansia|s__Akkermansia_muciniphila	0	0	0	0	0	0	0	0	0	3	5	0	0	2	0	6	0	0
k__Bacteria|p__Firmicutes|c__Clostridia|o__Lachnospirales|f__Lachnospiraceae|g__unclassified|s__unclassified_unclassified	67	47	6	0	0	6	14	18	0	72	16	75	254	27	23	23	0	44
k__Bacteria|p__Firmicutes|c__Clostridia|o__Lachnospirales|f__Lachnospiraceae|g__Tuzzerella|s__Tuzzerella_unclassified	4	102	0	0	0	0	0	18	0	73	36	217	208	7	17	6	0	0
k__Bacteria|p__Bacteroidota|c__Bacteroidia|o__Bacteroidales|f__Bacteroidaceae|g__Bacteroides|s__Bacteroides_sartorii	0	271	19	0	256	389	82	255	0	617	331	17	21	32	163	30	0	0
k__Bacteria|p__Firmicutes|c__Clostridia|o__Lachnospirales|f__Lachnospiraceae|g__unclassified|s__unclassified_unclassified	50	99	0	14	0	8	0	14	0	0	0	32	135	18	38	40	0	20
k__Bacteria|p__Firmicutes|c__Clostridia|o__Oscillospirales|f__Oscillospiraceae|g__Intestinimonas|s__Intestinimonas_unclassified	186	221	0	0	12	46	0	148	0	131	42	193	526	0	153	0	0	218
k__Bacteria|p__Proteobacteria|c__Gammaproteobacteria|o__Burkholderiales|f__Sutterellaceae|g__Parasutterella|s__Parasutterella_unclassified	0	0	15	0	0	0	0	0	0	56	28	60	0	0	35	73	0	4
k__Bacteria|p__Firmicutes|c__Clostridia|o__Lachnospirales|f__Lachnospiraceae|g__Lachnospiraceae NK4A136 group|s__Lachnospiraceae NK4A136 group_unclassified	0	0	0	0	32	0	31	62	0	256	151	0	0	0	0	0	0	135
k__Bacteria|p__Bacteroidota|c__Bacteroidia|o__Bacteroidales|f__Muribaculaceae|g__unclassified|s__unclassified_unclassified	0	0	0	0	38	38	0	0	9	239	143	28	46	182	168	149	87	108
k__Bacteria|p__Bacteroidota|c__Bacteroidia|o__Bacteroidales|f__Muribaculaceae|g__unclassified|s__unclassified_unclassified	0	0	0	0	0	131	0	32	0	0	0	0	0	0	0	0	0	43
k__Bacteria|p__Firmicutes|c__Negativicutes|o__Veillonellales-Selenomonadales|f__Selenomonadaceae|g__Quinella|s__Quinella_unclassified	3	146	16	8	0	0	0	0	5	152	52	74	280	45	244	82	0	0
k__Bacteria|p__Firmicutes|c__Clostridia|o__Oscillospirales|f__Oscillospiraceae|g__Oscillibacter|s__Oscillibacter_unclassified	50	15	0	0	5	0	0	19	5	53	25	191	139	5	29	38	21	112
k__Bacteria|p__Bacteroidota|c__Bacteroidia|o__Bacteroidales|f__Muribaculaceae|g__unclassified|s__unclassified_unclassified	0	17	31	0	14	24	44	42	0	81	39	86	146	90	84	9	15	33
k__Bacteria|p__Firmicutes|c__Clostridia|o__Lachnospirales|f__Lachnospiraceae|g__Roseburia|s__Roseburia_unclassified	216	217	0	227	0	101	86	59	12	0	0	0	0	32	0	48	0	309
k__Bacteria|p__Bacteroidota|c__Bacteroidia|o__Bacteroidales|f__Muribaculaceae|g__unclassified|s__unclassified_unclassified	0	29	0	0	0	0	0	0	7	69	49	16	36	243	136	47	26	106
k__Bacteria|p__Firmicutes|c__Clostridia|o__Lachnospirales|f__Lachnospiraceae|g__unclassified|s__unclassified_unclassified	0	0	0	0	0	0	16	0	0	14	0	53	113	0	0	0	0	0
k__Bacteria|p__Firmicutes|c__Clostridia|o__Oscillospirales|f__Oscillospiraceae|g__Intestinimonas|s__Intestinimonas_unclassified	31	0	0	31	0	31	19	43	8	98	26	81	193	0	58	0	33	104
k__Bacteria|p__Firmicutes|c__Clostridia|o__Oscillospirales|f__Butyricicoccaceae|g__Butyricicoccus|s__Butyricicoccus_unclassified	0	0	0	0	19	73	6	127	0	0	0	0	0	12	45	36	0	28
k__Bacteria|p__Firmicutes|c__Clostridia|o__Lachnospirales|f__Lachnospiraceae|g__unclassified|s__unclassified_unclassified	26	35	0	5	0	19	20	42	0	28	20	44	83	23	16	14	12	66
k__Bacteria|p__Firmicutes|c__Bacilli|o__Lactobacillales|f__Lactobacillaceae|g__Lactobacillus|s__Lactobacillus_reuteri	0	0	63	100	0	0	0	0	0	260	522	413	265	85	220	109	426	217
k__Bacteria|p__Desulfobacterota|c__Desulfovibrionia|o__Desulfovibrionales|f__Desulfovibrionaceae|g__Bilophila|s__Bilophila_unclassified	0	0	0	6	0	0	0	0	0	5	0	0	0	0	0	0	0	0
k__Bacteria|p__Firmicutes|c__Clostridia|o__Lachnospirales|f__Lachnospiraceae|g__unclassified|s__unclassified_unclassified	60	25	0	0	7	6	0	23	0	23	7	27	70	0	0	0	0	75
k__Bacteria|p__Firmicutes|c__Clostridia|o__Lachnospirales|f__Lachnospiraceae|g__A2|s__A2_unclassified	0	26	13	0	8	17	0	53	0	17	15	66	39	0	31	0	14	35
k__Bacteria|p__Firmicutes|c__Clostridia|o__Oscillospirales|f__Oscillospiraceae|g__Colidextribacter|s__Colidextribacter_unclassified	0	0	0	0	0	0	0	28	9	22	17	50	143	0	0	0	0	38
k__Bacteria|p__Desulfobacterota|c__Desulfovibrionia|o__Desulfovibrionales|f__Desulfovibrionaceae|g__Desulfovibrio|s__Desulfovibrio_unclassified	0	0	0	16	0	0	0	0	0	20	0	0	0	0	0	0	6	0
k__Bacteria|p__Bacteroidota|c__Bacteroidia|o__Bacteroidales|f__Muribaculaceae|g__unclassified|s__unclassified_unclassified	0	61	0	0	68	176	72	156	11	111	47	14	15	287	166	83	40	97
k__Bacteria|p__Firmicutes|c__Clostridia|o__Lachnospirales|f__Lachnospiraceae|g__Lachnospiraceae UCG-001|s__Lachnospiraceae UCG-001_unclassified	0	0	0	0	0	0	0	0	0	360	309	32	30	21	749	299	10	102
k__Bacteria|p__Bacteroidota|c__Bacteroidia|o__Bacteroidales|f__Muribaculaceae|g__unclassified|s__unclassified_unclassified	0	0	0	0	0	0	0	0	0	66	0	0	0	88	95	69	57	47
k__Bacteria|p__Firmicutes|c__Clostridia|o__Lachnospirales|f__Lachnospiraceae|g__unclassified|s__unclassified_unclassified	383	197	10	6	6	8	0	0	0	0	0	194	119	10	0	0	0	0
k__Bacteria|p__Firmicutes|c__Clostridia|o__Lachnospirales|f__Lachnospiraceae|g__unclassified|s__unclassified_unclassified	0	0	0	0	0	0	0	36	0	0	0	41	0	0	0	0	10	19
k__Bacteria|p__Bacteroidota|c__Bacteroidia|o__Bacteroidales|f__Muribaculaceae|g__unclassified|s__unclassified_unclassified	0	0	0	0	0	0	92	0	41	0	36	0	0	65	58	65	71	54
k__Bacteria|p__Bacteroidota|c__Bacteroidia|o__Bacteroidales|f__Muribaculaceae|g__unclassified|s__unclassified_unclassified	0	15	0	0	0	9	20	0	0	11	0	17	43	37	61	18	0	0
k__Bacteria|p__Firmicutes|c__Bacilli|o__Mycoplasmatales|f__Mycoplasmataceae|g__Mycoplasma|s__Mycoplasma_unclassified	140	9	9	173	32	0	88	305	0	0	0	0	0	0	0	0	34	243
k__Bacteria|p__Bacteroidota|c__Bacteroidia|o__Bacteroidales|f__Muribaculaceae|g__unclassified|s__unclassified_unclassified	4	39	0	0	221	322	490	186	60	565	300	32	50	126	382	371	64	47
k__Bacteria|p__Firmicutes|c__Clostridia|o__Peptococcales|f__Peptococcaceae|g__unclassified|s__unclassified_unclassified	21	0	0	25	15	0	19	49	6	0	0	0	0	0	0	0	16	223
k__Bacteria|p__Firmicutes|c__Clostridia|o__Lachnospirales|f__Lachnospiraceae|g__Lachnoclostridium|s__Lachnoclostridium_unclassified	42	39	11	0	8	0	0	41	0	0	0	85	95	8	15	51	0	46
k__Bacteria|p__Firmicutes|c__Clostridia|o__Lachnospirales|f__Lachnospiraceae|g__Lachnospiraceae UCG-006|s__Lachnospiraceae UCG-006_unclassified	0	0	0	0	0	0	0	0	0	0	0	11	12	0	0	0	0	0
k__Bacteria|p__Desulfobacterota|c__Desulfovibrionia|o__Desulfovibrionales|f__Desulfovibrionaceae|g__Desulfovibrio|s__Desulfovibrio_unclassified	0	15	0	0	0	0	0	0	0	0	0	119	200	0	0	0	0	0
k__Bacteria|p__Bacteroidota|c__Bacteroidia|o__Bacteroidales|f__Muribaculaceae|g__unclassified|s__unclassified_unclassified	0	85	0	0	0	111	59	64	0	125	57	64	81	155	120	41	46	99
k__Bacteria|p__Bacteroidota|c__Bacteroidia|o__Bacteroidales|f__Muribaculaceae|g__unclassified|s__unclassified_unclassified	0	0	0	0	0	0	0	40	0	143	74	0	0	0	40	0	55	113
k__Bacteria|p__Firmicutes|c__Bacilli|o__Mycoplasmatales|f__Mycoplasmataceae|g__Mycoplasma|s__Mycoplasma_unclassified	0	0	0	0	0	0	0	0	0	31	10	0	0	0	0	0	0	0
k__Bacteria|p__Firmicutes|c__Clostridia|o__Lachnospirales|f__Lachnospiraceae|g__Lachnospiraceae NK4A136 group|s__Lachnospiraceae NK4A136 group_unclassified	80	19	0	11	0	0	0	25	0	16	0	0	31	0	0	0	0	44
k__Bacteria|p__Firmicutes|c__Clostridia|o__Oscillospirales|f__Oscillospiraceae|g__unclassified|s__unclassified_unclassified	19	39	5	12	11	21	0	55	0	66	12	68	91	0	41	6	10	57
k__Bacteria|p__Bacteroidota|c__Bacteroidia|o__Bacteroidales|f__Marinifilaceae|g__Odoribacter|s__Odoribacter_unclassified	5	205	51	0	135	123	84	235	15	270	121	138	363	153	323	84	80	175
k__Bacteria|p__Bacteroidota|c__Bacteroidia|o__Bacteroidales|f__Muribaculaceae|g__unclassified|s__unclassified_unclassified	0	14	0	0	10	14	29	26	0	42	42	12	56	18	36	16	0	0
k__Bacteria|p__Firmicutes|c__Clostridia|o__Oscillospirales|f__Oscillospiraceae|g__Colidextribacter|s__Colidextribacter_unclassified	0	0	0	0	0	0	0	0	0	24	0	0	0	0	0	0	0	0
k__Bacteria|p__Firmicutes|c__Clostridia|o__Lachnospirales|f__Lachnospiraceae|g__unclassified|s__unclassified_unclassified	0	0	0	0	0	0	0	0	0	8	6	0	0	0	0	0	0	0
k__Bacteria|p__Firmicutes|c__Bacilli|o__Lactobacillales|f__Enterococcaceae|g__Enterococcus|s__Enterococcus_unclassified	0	0	0	0	0	0	0	0	0	0	0	0	0	141	0	0	0	0
k__Bacteria|p__Firmicutes|c__Clostridia|o__Oscillospirales|f__Ruminococcaceae|g__Anaerotruncus|s__Anaerotruncus_unclassified	144	0	0	79	0	9	44	48	13	42	12	14	30	12	46	19	8	64
k__Bacteria|p__Firmicutes|c__Clostridia|o__Lachnospirales|f__Lachnospiraceae|g__unclassified|s__unclassified_unclassified	9	9	0	0	13	0	0	8	0	12	0	103	135	23	22	0	0	0
k__Bacteria|p__Firmicutes|c__Clostridia|o__Lachnospirales|f__Lachnospiraceae|g__Lachnoclostridium|s__Lachnoclostridium_unclassified	17	21	10	0	0	0	0	22	0	68	15	87	157	8	204	96	22	152
k__Bacteria|p__Firmicutes|c__Clostridia|o__Oscillospirales|f__Oscillospiraceae|g__Colidextribacter|s__Colidextribacter_unclassified	0	32	0	7	13	5	25	36	0	44	22	32	0	19	21	0	0	28
k__Bacteria|p__Patescibacteria|c__Saccharimonadia|o__Saccharimonadales|f__Saccharimonadaceae|g__Candidatus Saccharimonas|s__Candidatus Saccharimonas_unclassified	0	0	9	40	0	0	0	0	0	85	47	55	47	0	117	0	0	0
k__Bacteria|p__Firmicutes|c__Clostridia|o__Lachnospirales|f__Lachnospiraceae|g__Lachnospiraceae UCG-001|s__Lachnospiraceae UCG-001_unclassified	0	0	0	0	0	0	0	0	0	0	0	0	0	0	33	0	0	127
k__Bacteria|p__Desulfobacterota|c__Desulfovibrionia|o__Desulfovibrionales|f__Desulfovibrionaceae|g__unclassified|s__unclassified_unclassified	18	129	0	0	47	62	64	239	0	289	89	14	189	36	200	76	0	0
k__Bacteria|p__Bacteroidota|c__Bacteroidia|o__Bacteroidales|f__Muribaculaceae|g__unclassified|s__unclassified_unclassified	0	0	0	0	0	0	0	0	0	44	0	0	0	63	103	31	34	78
k__Bacteria|p__Bacteroidota|c__Bacteroidia|o__Bacteroidales|f__Muribaculaceae|g__unclassified|s__unclassified_unclassified	0	0	0	0	0	0	0	0	0	0	0	0	0	0	11	53	31	16
k__Bacteria|p__Firmicutes|c__Clostridia|o__Oscillospirales|f__Ruminococcaceae|g__[Eubacterium] siraeum group|s__[Eubacterium] siraeum group_unclassified	4	53	0	0	17	18	17	35	5	79	30	18	96	24	69	0	3	61
k__Bacteria|p__Firmicutes|c__Clostridia|o__Lachnospirales|f__Lachnospiraceae|g__Roseburia|s__Roseburia_unclassified	0	0	0	0	61	123	371	104	17	41	9	0	0	73	118	0	25	985
k__Bacteria|p__Firmicutes|c__Clostridia|o__Oscillospirales|f__Butyricicoccaceae|g__Butyricicoccus|s__Butyricicoccus_unclassified	19	0	0	0	0	0	0	0	0	25	6	0	0	0	33	10	22	9
k__Bacteria|p__Actinobacteriota|c__Coriobacteriia|o__Coriobacteriales|f__Eggerthellaceae|g__Enterorhabdus|s__Enterorhabdus_unclassified	0	0	21	21	16	12	20	33	10	69	25	121	0	40	86	0	29	30
k__Bacteria|p__Firmicutes|c__Clostridia|o__Lachnospirales|f__Lachnospiraceae|g__Lachnospiraceae NK4A136 group|s__Lachnospiraceae NK4A136 group_unclassified	0	13	0	0	0	0	8	7	0	0	0	0	11	17	39	11	0	9
k__Bacteria|p__Firmicutes|c__Clostridia|o__Lachnospirales|f__Lachnospiraceae|g__Acetatifactor|s__Acetatifactor_unclassified	12	6	0	0	8	0	0	38	5	0	0	0	6	0	0	0	0	78
k__Bacteria|p__Firmicutes|c__Clostridia|o__Lachnospirales|f__Lachnospiraceae|g__ASF356|s__ASF356_unclassified	96	0	0	205	0	0	31	52	0	70	45	0	0	7	208	53	18	141
k__Bacteria|p__Firmicutes|c__Clostridia|o__Oscillospirales|f__Oscillospiraceae|g__Oscillibacter|s__Oscillibacter_unclassified	0	0	0	0	0	0	9	9	0	42	25	10	63	19	129	27	0	34
k__Bacteria|p__Firmicutes|c__Clostridia|o__Oscillospirales|f__Oscillospiraceae|g__Colidextribacter|s__Colidextribacter_unclassified	24	28	0	0	17	21	17	61	0	54	25	44	88	16	0	0	0	101
k__Bacteria|p__Bacteroidota|c__Bacteroidia|o__Bacteroidales|f__Muribaculaceae|g__unclassified|s__unclassified_unclassified	0	9	150	0	23	82	110	64	31	449	244	144	134	563	357	79	26	53
k__Bacteria|p__Firmicutes|c__Clostridia|o__Lachnospirales|f__Lachnospiraceae|g__unclassified|s__unclassified_unclassified	0	0	22	0	15	0	12	0	8	94	33	256	242	28	0	0	8	125
k__Bacteria|p__Firmicutes|c__Clostridia|o__Lachnospirales|f__Lachnospiraceae|g__Lachnospiraceae NK4A136 group|s__Lachnospiraceae NK4A136 group_unclassified	0	0	0	0	0	0	0	0	0	0	0	46	128	0	0	0	0	0
k__Bacteria|p__Firmicutes|c__Clostridia|o__Lachnospirales|f__Lachnospiraceae|g__Lachnospiraceae FCS020 group|s__Lachnospiraceae FCS020 group_unclassified	3	4	0	0	19	11	0	29	0	25	16	43	29	0	31	13	16	41
k__Bacteria|p__Firmicutes|c__Clostridia|o__Oscillospirales|f__Ruminococcaceae|g__Incertae Sedis|s__Incertae Sedis_unclassified	5	0	12	0	0	0	0	13	0	0	0	0	0	0	0	0	0	0
k__Bacteria|p__Firmicutes|c__Clostridia|o__Lachnospirales|f__Lachnospiraceae|g__Roseburia|s__Roseburia_unclassified	0	0	52	0	5	72	0	95	0	0	0	161	323	0	0	0	11	89
k__Bacteria|p__Bacteroidota|c__Bacteroidia|o__Bacteroidales|f__Rikenellaceae|g__Rikenella|s__Rikenella_unclassified	19	131	23	95	0	0	0	0	13	149	113	145	204	103	207	57	80	143
k__Bacteria|p__Firmicutes|c__Clostridia|o__Oscillospirales|f__Ruminococcaceae|g__unclassified|s__unclassified_unclassified	0	21	0	0	0	0	0	20	0	21	9	7	14	0	0	0	0	0
k__Bacteria|p__Firmicutes|c__Clostridia|o__Lachnospirales|f__Lachnospiraceae|g__unclassified|s__unclassified_unclassified	0	0	0	0	10	8	0	23	0	12	0	21	46	0	29	0	0	0
k__Bacteria|p__Bacteroidota|c__Bacteroidia|o__Bacteroidales|f__Bacteroidaceae|g__Bacteroides|s__Bacteroides_unclassified	0	0	0	0	0	0	0	0	0	0	0	0	0	0	138	0	74	136
k__Bacteria|p__Firmicutes|c__Clostridia|o__Oscillospirales|f__Oscillospiraceae|g__Oscillibacter|s__Oscillibacter_unclassified	0	0	0	0	0	0	0	0	0	0	0	26	43	0	8	0	0	21
k__Bacteria|p__Firmicutes|c__Clostridia|o__Lachnospirales|f__Lachnospiraceae|g__Blautia|s__Blautia_unclassified	0	0	0	0	0	0	0	0	0	0	0	27	123	0	0	0	0	0
k__Bacteria|p__Firmicutes|c__Clostridia|o__Lachnospirales|f__Lachnospiraceae|g__unclassified|s__unclassified_unclassified	12	0	0	0	0	0	0	0	0	0	0	23	81	0	23	0	0	0
k__Bacteria|p__Bacteroidota|c__Bacteroidia|o__Bacteroidales|f__Muribaculaceae|g__unclassified|s__unclassified_unclassified	0	0	0	0	0	0	0	0	0	0	0	0	0	0	0	37	0	0
k__Bacteria|p__Firmicutes|c__Clostridia|o__Oscillospirales|f__Oscillospiraceae|g__Intestinimonas|s__Intestinimonas_unclassified	0	0	0	0	0	0	0	23	0	47	10	100	137	0	0	27	0	40
k__Bacteria|p__Bacteroidota|c__Bacteroidia|o__Bacteroidales|f__Muribaculaceae|g__unclassified|s__unclassified_unclassified	0	55	0	0	0	84	0	36	0	59	38	42	48	0	60	0	0	0
k__Bacteria|p__Proteobacteria|c__Alphaproteobacteria|o__Rhodospirillales|f__unclassified|g__unclassified|s__unclassified_unclassified	0	0	0	0	0	0	0	0	0	0	0	0	0	0	0	197	0	0
k__Bacteria|p__Bacteroidota|c__Bacteroidia|o__Bacteroidales|f__Rikenellaceae|g__Rikenellaceae RC9 gut group|s__Rikenellaceae RC9 gut group_unclassified	0	13	0	0	21	17	6	13	0	21	15	10	20	58	35	12	0	0
k__Bacteria|p__Firmicutes|c__Clostridia|o__Lachnospirales|f__Lachnospiraceae|g__unclassified|s__unclassified_unclassified	0	0	0	0	0	0	0	0	0	0	0	22	148	0	0	0	0	0
k__Bacteria|p__Firmicutes|c__Clostridia|o__Lachnospirales|f__Lachnospiraceae|g__Roseburia|s__Roseburia_intestinalis	0	9	0	19	0	0	0	0	0	21	8	12	7	6	0	0	0	0
k__Bacteria|p__Firmicutes|c__Clostridia|o__Lachnospirales|f__Lachnospiraceae|g__Lachnospiraceae NK4A136 group|s__Lachnospiraceae NK4A136 group_unclassified	0	0	0	28	38	0	29	85	0	291	132	0	0	0	0	0	0	148
k__Bacteria|p__Firmicutes|c__Clostridia|o__Lachnospirales|f__Lachnospiraceae|g__A2|s__A2_unclassified	0	0	0	0	0	0	0	0	0	0	0	0	0	0	139	0	0	0
k__Bacteria|p__Firmicutes|c__Clostridia|o__Lachnospirales|f__Lachnospiraceae|g__Lachnospiraceae NK4A136 group|s__Lachnospiraceae NK4A136 group_unclassified	0	57	0	0	29	18	45	90	0	190	60	16	55	27	133	0	0	129
k__Bacteria|p__Bacteroidota|c__Bacteroidia|o__Bacteroidales|f__Rikenellaceae|g__Alistipes|s__Alistipes_unclassified	8	94	0	117	0	0	0	0	0	135	75	40	134	115	30	6	0	105
k__Bacteria|p__Firmicutes|c__Clostridia|o__Oscillospirales|f__Ruminococcaceae|g__Incertae Sedis|s__Incertae Sedis_unclassified	0	0	0	0	0	0	0	0	0	8	0	0	0	0	24	16	0	31
k__Bacteria|p__Firmicutes|c__Clostridia|o__Lachnospirales|f__Lachnospiraceae|g__unclassified|s__unclassified_unclassified	0	0	15	0	8	0	0	26	0	24	14	0	0	24	123	71	0	89
k__Bacteria|p__Firmicutes|c__Clostridia|o__Lachnospirales|f__Lachnospiraceae|g__unclassified|s__unclassified_unclassified	56	130	0	0	0	0	0	0	8	15	7	0	0	23	347	9	0	470
k__Bacteria|p__Firmicutes|c__Bacilli|o__Erysipelotrichales|f__Erysipelotrichaceae|g__unclassified|s__unclassified_unclassified	0	0	30	0	0	0	0	33	11	47	33	0	0	0	0	0	27	33
k__Bacteria|p__Firmicutes|c__Clostridia|o__Oscillospirales|f__Ruminococcaceae|g__Anaerotruncus|s__Anaerotruncus_unclassified	0	0	0	20	9	0	6	45	0	0	0	0	0	0	0	7	0	67
k__Bacteria|p__Firmicutes|c__Clostridia|o__Peptostreptococcales-Tissierellales|f__Anaerovoracaceae|g__[Eubacterium] nodatum group|s__[Eubacterium] nodatum group_unclassified	0	17	0	0	24	22	14	48	4	44	20	0	19	16	38	8	10	26
k__Bacteria|p__Bacteroidota|c__Bacteroidia|o__Bacteroidales|f__Muribaculaceae|g__unclassified|s__unclassified_unclassified	0	0	0	0	13	46	9	24	0	33	19	7	11	36	44	40	14	23
k__Bacteria|p__Bacteroidota|c__Bacteroidia|o__Bacteroidales|f__Muribaculaceae|g__unclassified|s__unclassified_unclassified	0	17	0	0	28	49	42	22	0	52	23	5	0	33	45	26	0	19
k__Bacteria|p__Bacteroidota|c__Bacteroidia|o__Bacteroidales|f__Prevotellaceae|g__Alloprevotella|s__Alloprevotella_unclassified	0	0	0	0	0	0	0	0	59	0	0	0	0	0	0	0	556	496
k__Bacteria|p__Firmicutes|c__Clostridia|o__Lachnospirales|f__Lachnospiraceae|g__Lachnospiraceae UCG-004|s__Lachnospiraceae UCG-004_unclassified	0	0	0	0	0	0	0	0	0	0	0	45	72	0	58	0	0	0
k__Bacteria|p__Firmicutes|c__Clostridia|o__Oscillospirales|f__Oscillospiraceae|g__unclassified|s__unclassified_unclassified	10	19	0	0	0	0	0	28	0	22	12	63	108	0	20	0	13	25
k__Bacteria|p__Bacteroidota|c__Bacteroidia|o__Bacteroidales|f__Tannerellaceae|g__Parabacteroides|s__Parabacteroides_goldsteinii	0	34	0	0	27	20	29	28	3	33	15	17	4	41	17	35	52	53
k__Bacteria|p__Firmicutes|c__Clostridia|o__Oscillospirales|f__Ruminococcaceae|g__unclassified|s__unclassified_unclassified	7	0	0	7	0	0	0	14	0	0	22	23	0	0	22	0	0	52
k__Bacteria|p__Firmicutes|c__Clostridia|o__Lachnospirales|f__Lachnospiraceae|g__unclassified|s__unclassified_unclassified	0	16	0	0	0	0	0	0	0	0	0	0	0	0	0	0	0	0
k__Bacteria|p__Firmicutes|c__Clostridia|o__Lachnospirales|f__Lachnospiraceae|g__unclassified|s__unclassified_unclassified	41	23	0	6	0	0	0	26	0	10	9	21	66	0	21	0	0	20
k__Bacteria|p__Firmicutes|c__Clostridia|o__Oscillospirales|f__Oscillospiraceae|g__Oscillibacter|s__Oscillibacter_unclassified	0	15	0	0	0	0	0	24	0	15	17	0	22	0	21	0	0	9
k__Bacteria|p__Firmicutes|c__Clostridia|o__Lachnospirales|f__Lachnospiraceae|g__Lachnospiraceae UCG-006|s__Lachnospiraceae UCG-006_unclassified	51	25	8	8	23	0	0	27	0	36	18	43	30	0	29	25	22	41
k__Bacteria|p__Firmicutes|c__Clostridia|o__Lachnospirales|f__Lachnospiraceae|g__unclassified|s__unclassified_unclassified	0	0	0	0	0	6	0	29	0	8	11	39	72	0	35	0	0	37
k__Bacteria|p__Desulfobacterota|c__Desulfovibrionia|o__Desulfovibrionales|f__Desulfovibrionaceae|g__Desulfovibrio|s__Desulfovibrio_unclassified	0	0	0	0	0	0	0	23	0	0	0	0	0	0	4	10	0	0
k__Bacteria|p__Firmicutes|c__Clostridia|o__Lachnospirales|f__Lachnospiraceae|g__unclassified|s__unclassified_unclassified	0	9	0	0	0	0	0	0	0	34	0	32	37	8	18	14	0	21
k__Bacteria|p__Firmicutes|c__Clostridia|o__Lachnospirales|f__Lachnospiraceae|g__Lachnospiraceae NK4A136 group|s__Lachnospiraceae NK4A136 group_unclassified	0	0	24	68	39	0	12	48	0	50	39	0	0	37	225	0	9	334
k__Bacteria|p__Firmicutes|c__Clostridia|o__Oscillospirales|f__Oscillospiraceae|g__Intestinimonas|s__Intestinimonas_unclassified	6	9	0	0	0	0	0	0	0	23	8	9	51	0	10	0	0	35
k__Bacteria|p__Bacteroidota|c__Bacteroidia|o__Bacteroidales|f__Muribaculaceae|g__unclassified|s__unclassified_unclassified	0	0	0	0	25	73	82	42	11	144	81	0	0	202	259	25	147	97
k__Bacteria|p__Firmicutes|c__Clostridia|o__Lachnospirales|f__Lachnospiraceae|g__Lachnospiraceae NK4A136 group|s__Lachnospiraceae NK4A136 group_unclassified	0	0	0	0	13	11	34	48	0	0	0	0	0	16	33	0	0	40
k__Bacteria|p__Firmicutes|c__Clostridia|o__Lachnospirales|f__Lachnospiraceae|g__GCA-900066575|s__GCA-900066575_unclassified	0	0	8	0	0	0	0	14	0	0	7	34	30	0	8	0	0	0
k__Bacteria|p__Firmicutes|c__Clostridia|o__Oscillospirales|f__Oscillospiraceae|g__Colidextribacter|s__Colidextribacter_unclassified	21	20	0	0	0	0	0	0	0	0	0	0	37	0	28	0	0	0
k__Bacteria|p__Spirochaetota|c__Brachyspirae|o__Brachyspirales|f__Brachyspiraceae|g__Brachyspira|s__Brachyspira_hyodysenteriae	101	15	10	96	9	14	6	88	10	38	23	199	109	32	18	0	16	19
k__Bacteria|p__Firmicutes|c__Clostridia|o__Lachnospirales|f__Lachnospiraceae|g__Lachnospiraceae NK4A136 group|s__Lachnospiraceae NK4A136 group_unclassified	0	36	0	15	0	0	0	11	0	52	31	16	70	49	0	0	0	57
k__Bacteria|p__Firmicutes|c__Clostridia|o__Lachnospirales|f__Lachnospiraceae|g__Lachnoclostridium|s__Lachnoclostridium_unclassified	44	0	0	0	0	0	0	0	0	16	0	26	50	0	26	0	0	61
k__Bacteria|p__Campilobacterota|c__Campylobacteria|o__Campylobacterales|f__Helicobacteraceae|g__Helicobacter|s__Helicobacter_unclassified	0	0	16	194	45	0	15	220	6	202	67	15	34	9	65	92	15	87
k__Bacteria|p__Firmicutes|c__Clostridia|o__Lachnospirales|f__Lachnospiraceae|g__Roseburia|s__Roseburia_unclassified	0	0	0	50	0	0	0	0	0	26	23	0	0	0	0	0	0	343
k__Bacteria|p__Firmicutes|c__Clostridia|o__Lachnospirales|f__Lachnospiraceae|g__Lachnospiraceae NK4A136 group|s__Lachnospiraceae NK4A136 group_unclassified	0	0	0	0	0	0	0	0	0	0	0	0	0	0	154	0	0	243
k__Bacteria|p__Firmicutes|c__Clostridia|o__Lachnospirales|f__Lachnospiraceae|g__unclassified|s__unclassified_unclassified	0	23	0	10	0	0	15	0	0	28	13	22	34	0	12	0	0	59
k__Bacteria|p__Firmicutes|c__Clostridia|o__Lachnospirales|f__Lachnospiraceae|g__unclassified|s__unclassified_unclassified	0	0	0	0	0	0	0	0	0	0	0	105	96	17	14	16	0	26
k__Bacteria|p__Firmicutes|c__Clostridia|o__Lachnospirales|f__Lachnospiraceae|g__unclassified|s__unclassified_unclassified	0	0	0	0	0	0	0	17	0	0	0	0	0	0	0	0	0	0
k__Bacteria|p__Firmicutes|c__Clostridia|o__Lachnospirales|f__Lachnospiraceae|g__GCA-900066575|s__GCA-900066575_unclassified	9	0	0	0	0	0	0	0	0	0	0	21	22	0	14	0	0	14
k__Bacteria|p__Firmicutes|c__Clostridia|o__Lachnospirales|f__Lachnospiraceae|g__unclassified|s__unclassified_unclassified	0	0	0	0	0	5	0	21	0	0	0	0	13	0	0	0	0	10
k__Bacteria|p__Firmicutes|c__Clostridia|o__Lachnospirales|f__Lachnospiraceae|g__Lachnoclostridium|s__Lachnoclostridium_unclassified	0	0	0	0	0	0	0	0	0	22	34	0	0	0	0	0	0	0
k__Bacteria|p__Bacteroidota|c__Bacteroidia|o__Bacteroidales|f__Rikenellaceae|g__Rikenella|s__Rikenella_unclassified	0	0	5	208	22	64	73	131	20	206	240	0	0	52	126	3	10	57
k__Bacteria|p__Bacteroidota|c__Bacteroidia|o__Bacteroidales|f__Bacteroidaceae|g__Bacteroides|s__Bacteroides_unclassified	0	0	0	0	0	0	0	0	0	0	0	0	0	0	0	0	381	110
k__Bacteria|p__Firmicutes|c__Clostridia|o__Lachnospirales|f__Lachnospiraceae|g__Lachnospiraceae NK4A136 group|s__Lachnospiraceae NK4A136 group_unclassified	44	31	25	0	0	8	0	0	0	0	0	104	255	0	34	0	0	0
k__Bacteria|p__Firmicutes|c__Clostridia|o__Oscillospirales|f__Oscillospiraceae|g__Colidextribacter|s__Colidextribacter_unclassified	0	0	0	0	0	0	0	0	0	0	0	0	0	11	13	13	0	0
k__Bacteria|p__Firmicutes|c__Clostridia|o__Lachnospirales|f__Lachnospiraceae|g__unclassified|s__unclassified_unclassified	19	0	0	0	0	30	0	0	0	0	0	0	0	17	45	20	0	34
k__Bacteria|p__Firmicutes|c__Clostridia|o__Lachnospirales|f__Lachnospiraceae|g__Lachnoclostridium|s__Lachnoclostridium_unclassified	21	7	0	0	0	0	0	26	8	0	0	11	35	10	14	0	0	11
k__Bacteria|p__Bacteroidota|c__Bacteroidia|o__Bacteroidales|f__Bacteroidaceae|g__Bacteroides|s__Bacteroides_unclassified	0	0	0	0	0	0	0	0	0	557	303	0	0	0	0	687	0	0
k__Bacteria|p__Firmicutes|c__Clostridia|o__Clostridiales|f__Clostridiaceae|g__Candidatus Arthromitus|s__Candidatus Arthromitus_unclassified	7	53	0	88	8	0	0	0	0	89	99	54	63	17	15	0	78	117
k__Bacteria|p__Proteobacteria|c__Gammaproteobacteria|o__Burkholderiales|f__Sutterellaceae|g__Parasutterella|s__Parasutterella_unclassified	54	0	78	0	0	0	0	0	0	77	56	277	104	0	0	0	65	51
k__Bacteria|p__Bacteroidota|c__Bacteroidia|o__Bacteroidales|f__Bacteroidaceae|g__Bacteroides|s__Bacteroides_unclassified	0	0	0	0	0	0	0	0	0	0	0	0	0	0	0	0	295	125
k__Bacteria|p__Firmicutes|c__Clostridia|o__Oscillospirales|f__Ruminococcaceae|g__Incertae Sedis|s__Incertae Sedis_unclassified	19	0	0	8	0	0	4	9	0	10	6	0	9	0	0	0	0	6
k__Bacteria|p__Bacteroidota|c__Bacteroidia|o__Bacteroidales|f__Rikenellaceae|g__Alistipes|s__Alistipes_unclassified	0	19	0	0	0	47	20	20	3	14	0	5	9	18	21	14	8	20
k__Bacteria|p__Firmicutes|c__Clostridia|o__Lachnospirales|f__Lachnospiraceae|g__unclassified|s__unclassified_unclassified	0	0	13	0	0	0	0	0	0	0	0	0	0	0	0	0	0	0
k__Bacteria|p__Bacteroidota|c__Bacteroidia|o__Bacteroidales|f__Rikenellaceae|g__Alistipes|s__Alistipes_unclassified	0	0	7	15	0	0	0	0	0	370	171	60	42	0	0	0	0	0
k__Bacteria|p__Firmicutes|c__Clostridia|o__Lachnospirales|f__Lachnospiraceae|g__Lachnospiraceae UCG-004|s__Lachnospiraceae UCG-004_unclassified	0	0	0	7	0	0	0	20	0	0	0	0	0	0	0	0	0	28
k__Bacteria|p__Firmicutes|c__Clostridia|o__Oscillospirales|f__Ruminococcaceae|g__Incertae Sedis|s__Incertae Sedis_unclassified	0	0	0	0	0	0	0	0	0	21	14	0	0	0	0	0	0	37
k__Bacteria|p__Firmicutes|c__Clostridia|o__Oscillospirales|f__Oscillospiraceae|g__NK4A214 group|s__NK4A214 group_unclassified	0	0	0	0	0	16	18	4	0	15	8	0	0	0	10	4	0	0
k__Bacteria|p__Bacteroidota|c__Bacteroidia|o__Bacteroidales|f__Muribaculaceae|g__unclassified|s__unclassified_unclassified	0	0	0	0	101	131	191	67	0	180	100	0	0	50	111	146	0	0
k__Bacteria|p__Bacteroidota|c__Bacteroidia|o__Bacteroidales|f__Muribaculaceae|g__unclassified|s__unclassified_unclassified	0	34	0	0	0	64	88	21	17	13	9	10	27	85	43	11	0	60
k__Bacteria|p__Firmicutes|c__Clostridia|o__Lachnospirales|f__Lachnospiraceae|g__unclassified|s__unclassified_unclassified	0	0	0	0	0	0	0	0	0	0	0	13	0	0	0	0	0	0
k__Bacteria|p__Firmicutes|c__Clostridia|o__Oscillospirales|f__Ruminococcaceae|g__unclassified|s__unclassified_unclassified	0	0	0	0	0	0	5	15	0	12	0	19	24	0	13	7	0	0
k__Bacteria|p__Desulfobacterota|c__Desulfovibrionia|o__Desulfovibrionales|f__Desulfovibrionaceae|g__unclassified|s__unclassified_unclassified	0	0	16	0	0	9	0	25	11	24	11	0	21	0	13	17	74	233
k__Bacteria|p__Firmicutes|c__Clostridia|o__Lachnospirales|f__Lachnospiraceae|g__unclassified|s__unclassified_unclassified	0	0	0	6	0	5	0	0	0	8	0	0	12	0	8	0	9	32
k__Bacteria|p__Firmicutes|c__Bacilli|o__Lactobacillales|f__Streptococcaceae|g__Streptococcus|s__Streptococcus_danieliae	0	0	0	11	0	0	28	8	0	20	0	0	4	0	0	0	0	26
k__Bacteria|p__Firmicutes|c__Clostridia|o__Lachnospirales|f__Lachnospiraceae|g__Lachnospiraceae NK4A136 group|s__Lachnospiraceae NK4A136 group_unclassified	8	0	0	0	0	0	0	0	0	0	0	0	0	0	29	0	0	7
k__Bacteria|p__Proteobacteria|c__Alphaproteobacteria|o__Rickettsiales|f__Mitochondria|g__unclassified|s__unclassified_unclassified	21	7	0	7	5	0	0	39	0	0	0	0	0	0	0	0	0	0
k__Bacteria|p__Firmicutes|c__Clostridia|o__Lachnospirales|f__Lachnospiraceae|g__Lachnoclostridium|s__Lachnoclostridium_unclassified	29	11	8	0	0	0	0	21	0	11	10	44	20	7	16	16	10	29
k__Bacteria|p__Firmicutes|c__Clostridia|o__Oscillospirales|f__Oscillospiraceae|g__unclassified|s__unclassified_unclassified	0	0	0	0	0	6	0	0	0	23	8	0	0	0	0	0	0	0
k__Bacteria|p__Firmicutes|c__Clostridia|o__Oscillospirales|f__Ruminococcaceae|g__unclassified|s__unclassified_unclassified	0	0	0	0	0	0	0	0	0	26	7	0	0	0	14	5	0	0
k__Bacteria|p__Bacteroidota|c__Bacteroidia|o__Bacteroidales|f__Rikenellaceae|g__Alistipes|s__Alistipes_unclassified	0	38	0	0	26	79	32	66	11	208	115	0	0	131	62	62	0	0
k__Bacteria|p__Firmicutes|c__Clostridia|o__Oscillospirales|f__Ruminococcaceae|g__Incertae Sedis|s__Incertae Sedis_unclassified	14	8	0	0	0	0	0	6	0	0	0	0	9	0	0	9	0	17
k__Bacteria|p__Firmicutes|c__Clostridia|o__Lachnospirales|f__Lachnospiraceae|g__Acetatifactor|s__Acetatifactor_unclassified	16	80	0	0	0	0	0	0	0	0	0	17	51	0	0	0	0	0
k__Bacteria|p__Firmicutes|c__Clostridia|o__Clostridia vadinBB60 group|f__unclassified|g__unclassified|s__unclassified_unclassified	0	0	0	0	0	16	0	18	0	0	0	0	0	0	0	0	0	0
k__Bacteria|p__Firmicutes|c__Clostridia|o__Peptostreptococcales-Tissierellales|f__Anaerovoracaceae|g__Family XIII UCG-001|s__Family XIII UCG-001_unclassified	11	0	0	0	0	0	0	6	0	5	0	4	12	0	40	0	0	22
k__Bacteria|p__Firmicutes|c__Clostridia|o__Lachnospirales|f__Lachnospiraceae|g__Lachnospiraceae UCG-006|s__Lachnospiraceae UCG-006_unclassified	0	0	0	0	0	0	0	0	0	9	0	31	13	0	9	0	0	0
k__Bacteria|p__Firmicutes|c__Bacilli|o__RF39|f__unclassified|g__unclassified|s__unclassified_unclassified	0	0	0	0	0	0	0	0	0	0	0	0	0	17	39	0	0	0
k__Bacteria|p__Firmicutes|c__Clostridia|o__Lachnospirales|f__Lachnospiraceae|g__Lachnospiraceae NK4A136 group|s__Lachnospiraceae NK4A136 group_unclassified	0	0	0	0	0	0	0	0	0	0	0	0	0	0	14	0	0	45
k__Bacteria|p__Firmicutes|c__Clostridia|o__Oscillospirales|f__Ruminococcaceae|g__Incertae Sedis|s__Incertae Sedis_unclassified	0	12	0	0	0	5	15	0	0	101	52	25	28	0	0	0	0	0
k__Bacteria|p__Firmicutes|c__Clostridia|o__Lachnospirales|f__Lachnospiraceae|g__Lachnospiraceae NK4A136 group|s__Lachnospiraceae NK4A136 group_unclassified	0	0	14	0	0	0	0	0	0	43	25	44	210	21	0	0	0	39
k__Bacteria|p__Firmicutes|c__Clostridia|o__Monoglobales|f__Monoglobaceae|g__Monoglobus|s__Monoglobus_unclassified	0	0	0	0	0	0	0	0	0	0	0	0	0	3	3	0	0	0
k__Bacteria|p__Bacteroidota|c__Bacteroidia|o__Bacteroidales|f__Rikenellaceae|g__Rikenella|s__Rikenella_unclassified	17	139	33	0	0	0	0	0	5	8	6	256	335	0	0	0	0	0
k__Bacteria|p__Firmicutes|c__Clostridia|o__Oscillospirales|f__Ruminococcaceae|g__Harryflintia|s__Harryflintia_unclassified	0	12	0	0	0	0	0	0	0	20	0	0	0	6	49	10	0	26
k__Bacteria|p__Firmicutes|c__Clostridia|o__Lachnospirales|f__Lachnospiraceae|g__unclassified|s__unclassified_unclassified	0	0	0	0	0	0	0	16	0	10	0	0	0	5	0	11	0	18
k__Bacteria|p__Bacteroidota|c__Bacteroidia|o__Bacteroidales|f__Bacteroidaceae|g__Bacteroides|s__Bacteroides_sartorii	0	0	0	0	0	0	0	0	10	0	0	0	0	0	0	0	277	128
k__Bacteria|p__Firmicutes|c__Clostridia|o__Lachnospirales|f__Lachnospiraceae|g__Lachnoclostridium|s__Lachnoclostridium_unclassified	0	0	0	0	0	71	0	62	0	0	0	0	0	0	0	0	0	50
k__Bacteria|p__Bacteroidota|c__Bacteroidia|o__Bacteroidales|f__Marinifilaceae|g__Odoribacter|s__Odoribacter_unclassified	0	79	6	0	0	0	0	0	9	192	81	75	68	0	0	0	23	65
k__Bacteria|p__Actinobacteriota|c__Coriobacteriia|o__Coriobacteriales|f__Eggerthellaceae|g__Enterorhabdus|s__Enterorhabdus_unclassified	22	0	0	0	0	0	0	0	0	0	0	145	70	0	0	0	0	0
k__Bacteria|p__Firmicutes|c__Clostridia|o__Lachnospirales|f__Lachnospiraceae|g__Roseburia|s__Roseburia_unclassified	0	0	0	0	0	0	11	43	8	0	0	0	0	0	24	0	0	153
k__Bacteria|p__Bacteroidota|c__Bacteroidia|o__Bacteroidales|f__Muribaculaceae|g__unclassified|s__unclassified_unclassified	0	0	0	0	52	78	209	84	0	41	29	0	0	0	0	0	59	0
k__Bacteria|p__Firmicutes|c__Clostridia|o__Lachnospirales|f__Lachnospiraceae|g__Anaerostipes|s__Anaerostipes_caccae	0	0	0	0	0	0	0	0	0	0	0	20	0	0	0	0	0	0
k__Bacteria|p__Firmicutes|c__Clostridia|o__Lachnospirales|f__Lachnospiraceae|g__Lachnoclostridium|s__Lachnoclostridium_unclassified	0	0	0	0	0	0	0	0	0	13	0	0	0	0	0	0	0	0
k__Bacteria|p__Firmicutes|c__Clostridia|o__Lachnospirales|f__Lachnospiraceae|g__Marvinbryantia|s__Marvinbryantia_unclassified	0	11	0	0	16	23	23	14	0	52	12	0	5	28	35	0	22	16
k__Bacteria|p__Deferribacterota|c__Deferribacteres|o__Deferribacterales|f__Deferribacteraceae|g__Mucispirillum|s__Mucispirillum_unclassified	267	27	34	53	0	0	20	33	0	0	0	0	0	0	0	0	0	0
k__Bacteria|p__Firmicutes|c__Clostridia|o__Peptostreptococcales-Tissierellales|f__Anaerovoracaceae|g__[Eubacterium] brachy group|s__[Eubacterium] brachy group_unclassified	0	0	0	0	0	4	0	11	0	13	0	0	0	0	0	0	0	0
k__Bacteria|p__Firmicutes|c__Clostridia|o__Lachnospirales|f__Lachnospiraceae|g__Lachnospiraceae NK4B4 group|s__Lachnospiraceae NK4B4 group_unclassified	0	0	0	0	0	0	0	6	0	0	0	0	0	0	0	0	0	0
k__Bacteria|p__Firmicutes|c__Clostridia|o__Lachnospirales|f__Lachnospiraceae|g__unclassified|s__unclassified_unclassified	62	32	0	0	0	0	0	7	0	0	0	17	69	0	0	0	0	8
k__Bacteria|p__Firmicutes|c__Clostridia|o__Lachnospirales|f__Lachnospiraceae|g__unclassified|s__unclassified_unclassified	0	0	0	0	0	10	0	0	0	0	0	0	12	0	12	0	0	17
k__Bacteria|p__Firmicutes|c__Clostridia|o__Clostridia UCG-014|f__unclassified|g__unclassified|s__unclassified_unclassified	0	34	0	0	0	0	0	0	0	14	0	0	0	0	45	0	5	32
k__Bacteria|p__Firmicutes|c__Clostridia|o__Oscillospirales|f__Ruminococcaceae|g__unclassified|s__unclassified_unclassified	0	0	0	0	0	7	0	0	0	0	0	0	0	0	0	0	0	0
k__Bacteria|p__Bacteroidota|c__Bacteroidia|o__Bacteroidales|f__Muribaculaceae|g__unclassified|s__unclassified_unclassified	0	0	0	0	58	44	32	29	0	156	117	0	0	48	108	87	48	63
k__Bacteria|p__Patescibacteria|c__Saccharimonadia|o__Saccharimonadales|f__Saccharimonadaceae|g__Candidatus Saccharimonas|s__Candidatus Saccharimonas_unclassified	16	0	0	0	0	0	21	34	0	44	16	39	0	0	0	0	0	22
k__Bacteria|p__Patescibacteria|c__Saccharimonadia|o__Saccharimonadales|f__Saccharimonadaceae|g__Candidatus Saccharimonas|s__Candidatus Saccharimonas_unclassified	0	77	0	0	18	0	0	0	0	0	0	60	53	104	99	9	0	0
k__Bacteria|p__Actinobacteriota|c__Coriobacteriia|o__Coriobacteriales|f__Atopobiaceae|g__Coriobacteriaceae UCG-002|s__Coriobacteriaceae UCG-002_unclassified	6	4	5	0	0	0	6	6	0	79	26	284	14	0	12	0	34	8
k__Bacteria|p__Firmicutes|c__Clostridia|o__Lachnospirales|f__Lachnospiraceae|g__Acetatifactor|s__Acetatifactor_unclassified	0	0	0	0	0	0	0	0	0	0	0	0	39	0	0	0	0	0
k__Bacteria|p__Firmicutes|c__Clostridia|o__Lachnospirales|f__Lachnospiraceae|g__unclassified|s__unclassified_unclassified	34	34	0	0	0	13	9	21	0	32	0	0	0	0	8	0	0	52
k__Bacteria|p__Campilobacterota|c__Campylobacteria|o__Campylobacterales|f__Helicobacteraceae|g__Helicobacter|s__Helicobacter_mastomyrinus	23	5	50	0	0	9	0	73	0	322	90	40	55	63	115	34	6	10
k__Bacteria|p__Firmicutes|c__Clostridia|o__Lachnospirales|f__Lachnospiraceae|g__unclassified|s__unclassified_unclassified	0	0	0	0	0	0	0	0	0	0	0	53	79	0	0	0	0	0
k__Bacteria|p__Desulfobacterota|c__Desulfovibrionia|o__Desulfovibrionales|f__Desulfovibrionaceae|g__unclassified|s__unclassified_unclassified	7	4	5	0	0	0	0	9	0	0	0	0	5	0	3	0	5	18
k__Bacteria|p__Firmicutes|c__Clostridia|o__Lachnospirales|f__Lachnospiraceae|g__unclassified|s__unclassified_unclassified	16	22	6	0	16	23	18	83	0	17	10	121	164	0	34	0	0	21
k__Bacteria|p__Firmicutes|c__Clostridia|o__Oscillospirales|f__Ruminococcaceae|g__UBA1819|s__UBA1819_unclassified	0	0	0	0	0	8	0	7	0	63	17	0	0	8	6	8	0	0
k__Bacteria|p__Firmicutes|c__Clostridia|o__Oscillospirales|f__Oscillospiraceae|g__Intestinimonas|s__Intestinimonas_unclassified	0	11	0	0	0	0	0	14	0	7	9	20	0	25	48	9	16	29
k__Bacteria|p__Firmicutes|c__Clostridia|o__Lachnospirales|f__Lachnospiraceae|g__unclassified|s__unclassified_unclassified	0	0	0	32	0	0	0	32	0	0	15	0	0	0	63	0	0	0
k__Bacteria|p__Firmicutes|c__Clostridia|o__Lachnospirales|f__Lachnospiraceae|g__unclassified|s__unclassified_unclassified	0	0	0	48	0	0	0	53	7	7	0	0	0	14	84	0	0	46
k__Bacteria|p__Firmicutes|c__Clostridia|o__Lachnospirales|f__Lachnospiraceae|g__unclassified|s__unclassified_unclassified	0	0	0	0	0	0	0	0	0	0	0	18	34	0	0	0	0	0
k__Bacteria|p__Proteobacteria|c__Gammaproteobacteria|o__Burkholderiales|f__Sutterellaceae|g__Parasutterella|s__Parasutterella_unclassified	0	0	0	0	0	0	0	0	0	0	0	0	0	0	0	0	13	0
k__Bacteria|p__Firmicutes|c__Clostridia|o__Clostridia vadinBB60 group|f__unclassified|g__unclassified|s__unclassified_unclassified	0	7	0	0	0	0	0	7	0	10	0	0	0	0	30	8	0	24
k__Bacteria|p__Bacteroidota|c__Bacteroidia|o__Bacteroidales|f__Tannerellaceae|g__Parabacteroides|s__Parabacteroides_unclassified	0	0	0	0	0	0	26	0	0	10	0	0	0	61	57	122	69	168
k__Bacteria|p__Bacteroidota|c__Bacteroidia|o__Bacteroidales|f__Muribaculaceae|g__unclassified|s__unclassified_unclassified	0	30	0	0	0	0	7	0	0	0	0	0	0	16	13	19	0	0
k__Bacteria|p__Bacteroidota|c__Bacteroidia|o__Bacteroidales|f__Muribaculaceae|g__unclassified|s__unclassified_unclassified	0	0	0	0	0	0	0	0	0	59	36	0	70	79	56	0	29	41
k__Bacteria|p__Firmicutes|c__Clostridia|o__Clostridia vadinBB60 group|f__unclassified|g__unclassified|s__unclassified_unclassified	0	0	0	0	0	0	0	10	0	0	0	0	0	0	0	0	0	0
k__Bacteria|p__Bacteroidota|c__Bacteroidia|o__Bacteroidales|f__Muribaculaceae|g__unclassified|s__unclassified_unclassified	0	23	0	0	54	81	128	38	3	26	21	0	0	55	47	30	11	24
k__Bacteria|p__Firmicutes|c__Clostridia|o__Lachnospirales|f__Lachnospiraceae|g__Roseburia|s__Roseburia_unclassified	0	0	0	52	0	0	0	31	0	0	0	0	0	0	0	0	0	0
k__Bacteria|p__Firmicutes|c__Clostridia|o__Lachnospirales|f__Lachnospiraceae|g__unclassified|s__unclassified_unclassified	0	0	0	0	0	0	0	6	3	7	0	0	0	0	10	0	0	0
k__Bacteria|p__Bacteroidota|c__Bacteroidia|o__Bacteroidales|f__Muribaculaceae|g__unclassified|s__unclassified_unclassified	0	0	0	0	0	0	0	0	0	0	0	0	0	0	25	60	25	8
k__Bacteria|p__Firmicutes|c__Clostridia|o__Lachnospirales|f__Lachnospiraceae|g__unclassified|s__unclassified_unclassified	0	0	0	23	0	0	0	60	0	0	0	9	0	11	0	0	0	152
k__Bacteria|p__Firmicutes|c__Clostridia|o__Lachnospirales|f__Lachnospiraceae|g__Lachnospiraceae UCG-001|s__Lachnospiraceae UCG-001_unclassified	0	0	0	0	0	0	0	0	0	0	0	0	0	97	0	0	0	0
k__Bacteria|p__Firmicutes|c__Bacilli|o__Erysipelotrichales|f__Erysipelotrichaceae|g__unclassified|s__unclassified_unclassified	2	8	5	0	0	0	0	0	0	0	0	71	19	0	0	0	0	6
k__Bacteria|p__Firmicutes|c__Bacilli|o__Erysipelotrichales|f__Erysipelatoclostridiaceae|g__Candidatus Stoquefichus|s__Candidatus Stoquefichus_unclassified	0	0	0	16	0	4	0	0	0	34	14	4	12	6	6	12	0	0
k__Bacteria|p__Firmicutes|c__Clostridia|o__Oscillospirales|f__UCG-010|g__unclassified|s__unclassified_unclassified	0	0	0	0	0	0	5	8	0	23	10	0	0	7	8	0	0	0
k__Bacteria|p__Firmicutes|c__Clostridia|o__Oscillospirales|f__Oscillospiraceae|g__Colidextribacter|s__Colidextribacter_unclassified	0	0	0	0	0	0	0	0	0	0	0	0	91	0	0	0	24	26
k__Bacteria|p__Firmicutes|c__Clostridia|o__Lachnospirales|f__Lachnospiraceae|g__unclassified|s__unclassified_unclassified	39	0	0	24	0	0	0	20	0	20	11	0	0	0	6	6	16	0
k__Bacteria|p__Firmicutes|c__Clostridia|o__Oscillospirales|f__Oscillospiraceae|g__Oscillospira|s__Oscillospira_unclassified	0	5	0	0	0	0	0	8	0	0	0	12	0	0	13	0	0	19
k__Bacteria|p__Deferribacterota|c__Deferribacteres|o__Deferribacterales|f__Deferribacteraceae|g__Mucispirillum|s__Mucispirillum_unclassified	65	0	0	22	0	0	0	48	0	13	0	4	17	11	0	18	9	34
k__Bacteria|p__Firmicutes|c__Clostridia|o__Oscillospirales|f__Oscillospiraceae|g__unclassified|s__unclassified_unclassified	0	0	0	0	0	9	0	0	0	0	0	0	0	0	11	0	0	0
k__Bacteria|p__Firmicutes|c__Clostridia|o__Lachnospirales|f__Lachnospiraceae|g__unclassified|s__unclassified_unclassified	0	0	0	0	0	0	0	0	0	0	0	29	0	0	0	0	0	0
k__Bacteria|p__Firmicutes|c__Clostridia|o__Lachnospirales|f__Lachnospiraceae|g__Lachnoclostridium|s__Lachnoclostridium_unclassified	0	0	0	0	19	0	0	0	0	0	0	0	0	0	46	0	0	0
k__Bacteria|p__Firmicutes|c__Clostridia|o__Lachnospirales|f__Lachnospiraceae|g__unclassified|s__unclassified_unclassified	0	14	0	0	0	0	0	20	0	16	7	0	15	0	0	0	0	116
k__Bacteria|p__Firmicutes|c__Clostridia|o__Lachnospirales|f__Lachnospiraceae|g__Marvinbryantia|s__Marvinbryantia_unclassified	0	0	0	0	52	73	13	0	0	0	0	0	0	16	0	50	0	0
k__Bacteria|p__Actinobacteriota|c__Coriobacteriia|o__Coriobacteriales|f__Eggerthellaceae|g__Enterorhabdus|s__Enterorhabdus_unclassified	3	0	10	0	0	0	10	6	0	0	0	42	15	0	0	0	0	0
k__Bacteria|p__Firmicutes|c__Clostridia|o__Lachnospirales|f__Lachnospiraceae|g__Lachnospiraceae NK4A136 group|s__Lachnospiraceae NK4A136 group_unclassified	0	45	0	0	0	0	0	0	0	0	0	0	0	0	39	0	0	0
k__Bacteria|p__Firmicutes|c__Bacilli|o__Erysipelotrichales|f__Erysipelotrichaceae|g__unclassified|s__unclassified_unclassified	0	0	0	6	0	11	0	6	0	23	15	59	50	4	138	6	0	8
k__Bacteria|p__Firmicutes|c__Clostridia|o__Oscillospirales|f__Butyricicoccaceae|g__UCG-009|s__UCG-009_unclassified	0	0	0	0	0	0	0	29	0	36	15	23	11	0	82	7	8	72
k__Bacteria|p__Firmicutes|c__Clostridia|o__Lachnospirales|f__Lachnospiraceae|g__[Eubacterium] xylanophilum group|s__[Eubacterium] xylanophilum group_unclassified	56	55	0	0	0	0	10	0	9	40	0	0	0	0	0	0	0	61
k__Bacteria|p__Firmicutes|c__Clostridia|o__Lachnospirales|f__Lachnospiraceae|g__GCA-900066575|s__GCA-900066575_unclassified	8	12	0	0	0	0	0	0	0	16	0	9	29	0	29	25	0	0
k__Bacteria|p__Firmicutes|c__Bacilli|o__Erysipelotrichales|f__Erysipelatoclostridiaceae|g__Erysipelatoclostridium|s__Erysipelatoclostridium_unclassified	0	0	0	0	0	0	0	0	5	0	0	0	0	0	0	0	0	0
k__Bacteria|p__Firmicutes|c__Clostridia|o__Clostridia vadinBB60 group|f__unclassified|g__unclassified|s__unclassified_unclassified	0	0	0	0	0	10	0	7	0	0	0	0	0	0	0	0	0	0
k__Bacteria|p__Firmicutes|c__Clostridia|o__Lachnospirales|f__Lachnospiraceae|g__unclassified|s__unclassified_unclassified	0	0	0	0	0	0	0	44	0	0	0	112	93	0	0	0	0	49
k__Bacteria|p__Firmicutes|c__Clostridia|o__Lachnospirales|f__Lachnospiraceae|g__Roseburia|s__Roseburia_unclassified	0	0	0	0	0	0	0	0	0	0	0	0	0	0	192	0	0	156
k__Bacteria|p__Firmicutes|c__Bacilli|o__Erysipelotrichales|f__Erysipelotrichaceae|g__unclassified|s__unclassified_unclassified	0	0	0	0	59	12	15	0	0	15	13	0	0	0	27	0	0	128
k__Bacteria|p__Firmicutes|c__Clostridia|o__Lachnospirales|f__Lachnospiraceae|g__unclassified|s__unclassified_unclassified	0	0	0	0	0	0	0	0	0	0	0	0	51	0	0	0	0	0
k__Bacteria|p__Firmicutes|c__Clostridia|o__Lachnospirales|f__Lachnospiraceae|g__Lachnoclostridium|s__Lachnoclostridium_unclassified	0	0	0	0	0	0	0	17	0	0	0	36	40	0	0	0	0	0
k__Bacteria|p__Bacteroidota|c__Bacteroidia|o__Bacteroidales|f__Muribaculaceae|g__unclassified|s__unclassified_unclassified	0	13	0	0	0	62	51	0	0	65	50	12	32	11	31	28	0	0
k__Bacteria|p__Bacteroidota|c__Bacteroidia|o__Bacteroidales|f__Muribaculaceae|g__unclassified|s__unclassified_unclassified	0	14	0	0	11	22	32	32	6	50	20	37	69	48	29	6	14	25
k__Bacteria|p__Firmicutes|c__Clostridia|o__Christensenellales|f__Christensenellaceae|g__unclassified|s__unclassified_unclassified	0	0	0	0	5	6	0	5	0	11	5	0	0	12	10	0	0	0
k__Bacteria|p__Firmicutes|c__Clostridia|o__Lachnospirales|f__Lachnospiraceae|g__ASF356|s__ASF356_unclassified	0	0	0	0	53	17	0	47	0	0	0	0	0	0	0	40	0	0
k__Bacteria|p__Firmicutes|c__Clostridia|o__Oscillospirales|f__Oscillospiraceae|g__unclassified|s__unclassified_unclassified	0	0	0	0	0	0	0	0	0	0	0	0	0	0	21	0	0	0
k__Bacteria|p__Bacteroidota|c__Bacteroidia|o__Bacteroidales|f__Muribaculaceae|g__unclassified|s__unclassified_unclassified	0	0	0	0	43	0	0	0	0	72	41	0	0	0	52	38	0	0
k__Bacteria|p__Firmicutes|c__Clostridia|o__Oscillospirales|f__Ruminococcaceae|g__Anaerotruncus|s__Anaerotruncus_colihominis	0	0	0	0	0	0	0	0	0	0	0	0	0	0	7	0	0	0
k__Bacteria|p__Proteobacteria|c__Alphaproteobacteria|o__Rickettsiales|f__Mitochondria|g__unclassified|s__unclassified_unclassified	0	0	0	0	0	0	0	0	0	0	0	0	0	15	0	0	0	0
k__Bacteria|p__Bacteroidota|c__Bacteroidia|o__Bacteroidales|f__Muribaculaceae|g__unclassified|s__unclassified_unclassified	0	0	0	0	0	98	0	59	0	110	58	0	0	0	52	0	0	0
k__Bacteria|p__Firmicutes|c__Clostridia|o__Lachnospirales|f__Lachnospiraceae|g__Lachnoclostridium|s__Lachnoclostridium_unclassified	0	0	0	0	0	0	0	0	0	12	0	16	12	0	54	0	28	14
k__Bacteria|p__Firmicutes|c__Clostridia|o__Lachnospirales|f__Lachnospiraceae|g__unclassified|s__unclassified_unclassified	0	0	0	0	0	0	0	19	0	86	10	0	0	0	0	0	0	35
k__Bacteria|p__Firmicutes|c__Clostridia|o__Lachnospirales|f__Lachnospiraceae|g__Lachnospiraceae NK4A136 group|s__Lachnospiraceae NK4A136 group_unclassified	0	36	0	0	0	0	0	0	0	0	0	0	0	0	50	0	0	0
k__Bacteria|p__Desulfobacterota|c__Desulfovibrionia|o__Desulfovibrionales|f__Desulfovibrionaceae|g__Desulfovibrio|s__Desulfovibrio_unclassified	42	9	7	0	0	0	0	0	0	0	0	11	35	8	5	0	0	0
k__Bacteria|p__Bacteroidota|c__Bacteroidia|o__Bacteroidales|f__Muribaculaceae|g__unclassified|s__unclassified_unclassified	0	0	0	0	0	0	0	0	0	0	0	0	0	17	0	0	0	0
k__Bacteria|p__Firmicutes|c__Clostridia|o__Oscillospirales|f__Ruminococcaceae|g__unclassified|s__unclassified_unclassified	9	9	0	9	0	0	0	0	0	0	0	11	11	0	15	0	0	17
k__Bacteria|p__Firmicutes|c__Clostridia|o__Oscillospirales|f__Ruminococcaceae|g__Candidatus Soleaferrea|s__Candidatus Soleaferrea_unclassified	0	0	0	0	0	0	0	0	0	21	0	0	0	0	14	0	0	0
k__Bacteria|p__Bacteroidota|c__Bacteroidia|o__Bacteroidales|f__Muribaculaceae|g__unclassified|s__unclassified_unclassified	0	0	0	0	34	0	0	0	0	0	0	0	0	0	25	0	0	0
k__Bacteria|p__Firmicutes|c__Clostridia|o__Lachnospirales|f__Lachnospiraceae|g__unclassified|s__unclassified_unclassified	0	12	0	0	0	0	0	0	0	18	0	0	43	0	18	0	0	0
k__Bacteria|p__Bacteroidota|c__Bacteroidia|o__Bacteroidales|f__Prevotellaceae|g__Alloprevotella|s__Alloprevotella_unclassified	0	0	0	0	0	0	0	0	0	0	0	0	0	0	0	0	146	109
k__Bacteria|p__Firmicutes|c__Clostridia|o__Oscillospirales|f__Oscillospiraceae|g__Oscillibacter|s__Oscillibacter_unclassified	5	19	0	0	0	0	0	0	0	17	0	0	0	0	0	0	0	0
k__Bacteria|p__Actinobacteriota|c__Coriobacteriia|o__Coriobacteriales|f__Eggerthellaceae|g__Enterorhabdus|s__Enterorhabdus_unclassified	16	0	0	8	0	0	9	16	0	0	0	17	0	0	13	0	0	10
k__Bacteria|p__Firmicutes|c__Clostridia|o__Oscillospirales|f__Oscillospiraceae|g__Colidextribacter|s__Colidextribacter_unclassified	33	28	0	0	0	8	0	25	0	18	0	0	43	0	0	0	0	13
k__Bacteria|p__Firmicutes|c__Clostridia|o__Lachnospirales|f__Lachnospiraceae|g__GCA-900066575|s__GCA-900066575_unclassified	0	0	0	0	0	0	0	5	0	0	0	0	27	0	0	0	0	0
k__Bacteria|p__Firmicutes|c__Clostridia|o__Oscillospirales|f__Butyricicoccaceae|g__Butyricicoccus|s__Butyricicoccus_unclassified	40	0	6	14	0	0	0	0	8	32	19	0	0	0	0	0	0	36
k__Bacteria|p__Firmicutes|c__Clostridia|o__Lachnospirales|f__Lachnospiraceae|g__Lachnoclostridium|s__Lachnoclostridium_unclassified	34	0	0	7	0	0	0	0	0	67	41	31	0	0	0	0	0	0
k__Bacteria|p__Firmicutes|c__Clostridia|o__Clostridia vadinBB60 group|f__unclassified|g__unclassified|s__unclassified_unclassified	0	0	0	0	0	0	0	0	0	5	0	0	0	0	9	0	0	0
k__Bacteria|p__Firmicutes|c__Clostridia|o__Lachnospirales|f__Lachnospiraceae|g__Lachnoclostridium|s__Lachnoclostridium_unclassified	0	0	0	0	0	0	0	0	0	0	0	23	22	0	0	0	0	0
k__Bacteria|p__Firmicutes|c__Clostridia|o__Oscillospirales|f__Ruminococcaceae|g__Incertae Sedis|s__Incertae Sedis_unclassified	0	0	0	0	0	0	0	0	0	0	0	11	15	0	11	0	0	0
k__Bacteria|p__Actinobacteriota|c__Coriobacteriia|o__Coriobacteriales|f__Eggerthellaceae|g__Enterorhabdus|s__Enterorhabdus_unclassified	0	0	0	0	0	0	0	0	0	0	0	6	0	0	0	0	0	0
k__Bacteria|p__Verrucomicrobiota|c__Chlamydiae|o__Chlamydiales|f__Chlamydiaceae|g__Chlamydia|s__Chlamydia_muridarum	13	10	0	0	8	11	5	15	0	0	0	17	25	7	15	7	5	8
k__Bacteria|p__Firmicutes|c__Clostridia|o__Lachnospirales|f__Lachnospiraceae|g__Marvinbryantia|s__Marvinbryantia_unclassified	0	0	0	0	31	0	0	0	0	0	0	0	0	0	0	0	0	0
k__Bacteria|p__Firmicutes|c__Clostridia|o__Oscillospirales|f__Ruminococcaceae|g__Incertae Sedis|s__Incertae Sedis_unclassified	45	0	0	0	10	7	0	49	0	0	0	27	65	0	0	0	16	0
k__Bacteria|p__Firmicutes|c__Clostridia|o__Oscillospirales|f__Ruminococcaceae|g__unclassified|s__unclassified_unclassified	0	0	0	72	0	0	0	0	0	0	0	0	0	0	0	0	0	0
k__Bacteria|p__Firmicutes|c__Bacilli|o__Erysipelotrichales|f__Erysipelotrichaceae|g__Faecalibaculum|s__Faecalibaculum_unclassified	0	0	0	0	0	0	0	0	0	186	106	0	0	0	26	9	0	0
k__Bacteria|p__Bacteroidota|c__Bacteroidia|o__Bacteroidales|f__Bacteroidaceae|g__Bacteroides|s__Bacteroides_unclassified	0	0	0	0	0	0	6	0	0	0	0	0	0	0	0	0	0	0
k__Bacteria|p__Firmicutes|c__Clostridia|o__Lachnospirales|f__Lachnospiraceae|g__Roseburia|s__Roseburia_unclassified	0	0	0	0	0	0	0	0	0	0	0	0	0	0	23	0	0	0
k__Bacteria|p__Cyanobacteria|c__Vampirivibrionia|o__Gastranaerophilales|f__unclassified|g__unclassified|s__unclassified_unclassified	0	0	0	0	0	0	0	0	0	0	0	0	0	0	0	532	0	0
k__Bacteria|p__Bacteroidota|c__Bacteroidia|o__Bacteroidales|f__Rikenellaceae|g__Alistipes|s__Alistipes_unclassified	0	0	0	49	0	0	0	0	0	63	46	0	0	0	0	0	0	14
k__Bacteria|p__Firmicutes|c__Clostridia|o__Lachnospirales|f__Lachnospiraceae|g__unclassified|s__unclassified_unclassified	28	16	0	0	0	10	0	14	0	12	0	0	31	0	0	0	0	0
k__Bacteria|p__Firmicutes|c__Clostridia|o__Lachnospirales|f__Lachnospiraceae|g__unclassified|s__unclassified_unclassified	7	35	0	0	0	0	12	47	0	12	6	14	20	0	0	0	0	17
k__Bacteria|p__Firmicutes|c__Clostridia|o__Lachnospirales|f__Lachnospiraceae|g__Lachnospiraceae UCG-006|s__Lachnospiraceae UCG-006_unclassified	12	14	0	0	0	0	0	0	0	0	0	40	42	0	0	0	0	0
k__Bacteria|p__Deferribacterota|c__Deferribacteres|o__Deferribacterales|f__Deferribacteraceae|g__Mucispirillum|s__Mucispirillum_unclassified	33	0	0	0	23	0	0	39	0	25	17	0	0	0	0	0	0	14
k__Bacteria|p__Proteobacteria|c__Alphaproteobacteria|o__Rickettsiales|f__unclassified|g__unclassified|s__unclassified_unclassified	77	15	0	3	0	0	0	38	0	0	0	0	6	0	0	0	0	0
k__Bacteria|p__Firmicutes|c__Clostridia|o__Lachnospirales|f__Lachnospiraceae|g__Roseburia|s__Roseburia_unclassified	0	0	0	0	0	0	0	0	0	0	0	80	55	0	0	0	0	0
k__Bacteria|p__Firmicutes|c__Clostridia|o__Clostridia vadinBB60 group|f__unclassified|g__unclassified|s__unclassified_unclassified	0	0	0	0	24	0	14	33	7	62	23	13	0	28	95	0	0	15
k__Bacteria|p__Firmicutes|c__Clostridia|o__Lachnospirales|f__Lachnospiraceae|g__unclassified|s__unclassified_unclassified	0	0	6	0	0	0	0	68	0	0	0	40	86	0	0	0	0	0
k__Bacteria|p__Firmicutes|c__Clostridia|o__Lachnospirales|f__Lachnospiraceae|g__ASF356|s__ASF356_unclassified	0	0	0	0	0	0	0	0	6	0	0	0	0	0	0	0	0	103
k__Bacteria|p__Firmicutes|c__Clostridia|o__Lachnospirales|f__Lachnospiraceae|g__Lachnospiraceae NK4A136 group|s__Lachnospiraceae NK4A136 group_unclassified	0	0	0	0	0	0	0	0	0	0	0	32	49	0	0	0	0	0
k__Bacteria|p__Firmicutes|c__Clostridia|o__Lachnospirales|f__Lachnospiraceae|g__Lachnospiraceae UCG-001|s__Lachnospiraceae UCG-001_unclassified	0	0	0	0	0	0	0	52	0	0	0	0	0	0	0	0	0	0
k__Bacteria|p__Firmicutes|c__Clostridia|o__Oscillospirales|f__Butyricicoccaceae|g__Butyricicoccus|s__Butyricicoccus_unclassified	0	78	0	0	0	0	0	0	0	0	0	0	0	0	21	0	0	0
k__Bacteria|p__Firmicutes|c__Clostridia|o__Peptostreptococcales-Tissierellales|f__Anaerovoracaceae|g__Family XIII AD3011 group|s__Family XIII AD3011 group_unclassified	0	0	0	0	0	9	0	0	0	19	7	0	0	0	12	0	0	0
k__Bacteria|p__Cyanobacteria|c__Vampirivibrionia|o__Gastranaerophilales|f__unclassified|g__unclassified|s__unclassified_unclassified	0	0	0	0	0	0	0	0	0	0	0	0	0	0	0	391	0	0
k__Bacteria|p__Firmicutes|c__Bacilli|o__Erysipelotrichales|f__Erysipelotrichaceae|g__unclassified|s__unclassified_unclassified	0	0	0	8	9	0	0	9	7	12	0	35	0	6	48	22	10	51
k__Bacteria|p__Firmicutes|c__Clostridia|o__Oscillospirales|f__Oscillospiraceae|g__Oscillibacter|s__Oscillibacter_unclassified	0	0	0	0	0	0	7	5	0	0	0	0	0	0	0	0	0	0
k__Bacteria|p__Firmicutes|c__Clostridia|o__Lachnospirales|f__Lachnospiraceae|g__Roseburia|s__Roseburia_unclassified	16	13	0	0	0	0	0	37	0	0	0	0	0	7	18	0	0	80
k__Bacteria|p__Firmicutes|c__Clostridia|o__Lachnospirales|f__Lachnospiraceae|g__unclassified|s__unclassified_unclassified	0	0	0	0	0	0	0	0	0	0	0	0	0	0	0	0	0	12
k__Bacteria|p__Firmicutes|c__Clostridia|o__Lachnospirales|f__Lachnospiraceae|g__Acetatifactor|s__Acetatifactor_unclassified	0	0	0	0	0	0	0	20	0	35	11	0	0	0	24	0	0	0
k__Bacteria|p__Firmicutes|c__Clostridia|o__Oscillospirales|f__Ruminococcaceae|g__unclassified|s__unclassified_unclassified	26	0	0	5	0	0	0	8	0	5	13	0	0	10	5	0	0	8
k__Bacteria|p__Firmicutes|c__Clostridia|o__Lachnospirales|f__Lachnospiraceae|g__unclassified|s__unclassified_unclassified	0	0	5	0	0	0	0	0	0	0	0	0	0	0	0	0	0	0
k__Bacteria|p__Firmicutes|c__Clostridia|o__Lachnospirales|f__Lachnospiraceae|g__Lachnospiraceae NK4A136 group|s__Lachnospiraceae NK4A136 group_unclassified	0	0	0	0	0	0	0	0	0	0	0	0	0	0	0	0	0	316
k__Bacteria|p__Deferribacterota|c__Deferribacteres|o__Deferribacterales|f__Deferribacteraceae|g__Mucispirillum|s__Mucispirillum_unclassified	169	12	0	0	0	0	0	0	0	0	0	0	0	0	0	0	0	0
k__Bacteria|p__Bacteroidota|c__Bacteroidia|o__Bacteroidales|f__Prevotellaceae|g__Paraprevotella|s__Paraprevotella_unclassified	0	0	0	0	0	0	0	0	0	39	17	3	12	29	20	49	3	7
k__Bacteria|p__Bacteroidota|c__Bacteroidia|o__Bacteroidales|f__Muribaculaceae|g__unclassified|s__unclassified_unclassified	0	0	0	0	0	0	0	0	7	0	0	49	183	0	0	0	0	0
k__Bacteria|p__Bacteroidota|c__Bacteroidia|o__Bacteroidales|f__Muribaculaceae|g__unclassified|s__unclassified_unclassified	0	0	0	0	0	0	0	0	0	50	20	0	0	45	18	7	0	0
k__Bacteria|p__Firmicutes|c__Clostridia|o__Oscillospirales|f__Ruminococcaceae|g__Ruminococcus|s__Ruminococcus_unclassified	0	0	0	0	34	73	0	0	0	13	0	0	0	0	15	51	0	0
k__Bacteria|p__Firmicutes|c__Clostridia|o__Clostridia vadinBB60 group|f__unclassified|g__unclassified|s__unclassified_unclassified	0	0	0	0	12	0	0	12	0	21	8	0	0	0	0	0	0	0
k__Bacteria|p__Firmicutes|c__Clostridia|o__Oscillospirales|f__Ruminococcaceae|g__unclassified|s__unclassified_unclassified	0	0	0	0	0	0	0	0	0	31	0	0	0	0	0	0	0	0
k__Bacteria|p__Firmicutes|c__Clostridia|o__Clostridia UCG-014|f__unclassified|g__unclassified|s__unclassified_unclassified	0	0	0	7	0	12	0	18	0	26	10	0	0	0	0	0	0	0
k__Bacteria|p__Bacteroidota|c__Bacteroidia|o__Bacteroidales|f__Rikenellaceae|g__Alistipes|s__Alistipes_unclassified	0	0	0	23	14	15	24	25	0	61	38	0	14	0	0	0	0	0
k__Bacteria|p__Firmicutes|c__Clostridia|o__Lachnospirales|f__Lachnospiraceae|g__unclassified|s__unclassified_unclassified	0	0	0	0	0	0	0	0	0	0	0	0	0	0	0	0	0	27
k__Bacteria|p__Firmicutes|c__Clostridia|o__Oscillospirales|f__Oscillospiraceae|g__UCG-003|s__UCG-003_unclassified	0	0	0	0	0	0	0	23	0	0	0	0	0	0	0	0	0	55
k__Bacteria|p__Firmicutes|c__Clostridia|o__Lachnospirales|f__Lachnospiraceae|g__unclassified|s__unclassified_unclassified	0	0	0	0	0	0	0	0	0	0	0	0	0	0	0	0	0	9
k__Bacteria|p__Firmicutes|c__Bacilli|o__Erysipelotrichales|f__Erysipelatoclostridiaceae|g__Erysipelatoclostridium|s__Erysipelatoclostridium_unclassified	0	0	0	22	0	4	0	2	0	20	0	15	15	0	0	0	0	5
k__Bacteria|p__Proteobacteria|c__Gammaproteobacteria|o__Pasteurellales|f__Pasteurellaceae|g__Rodentibacter|s__Rodentibacter_unclassified	0	0	0	0	0	0	0	0	0	0	0	0	0	36	0	0	0	0
k__Bacteria|p__Firmicutes|c__Clostridia|o__Lachnospirales|f__Lachnospiraceae|g__Lachnospiraceae NK4A136 group|s__Lachnospiraceae NK4A136 group_unclassified	0	0	0	0	0	0	15	36	0	87	43	0	0	0	0	0	0	56
k__Bacteria|p__Firmicutes|c__Clostridia|o__Clostridia vadinBB60 group|f__unclassified|g__unclassified|s__unclassified_unclassified	0	0	0	0	0	0	0	0	0	7	0	0	0	0	0	0	0	0
k__Bacteria|p__Firmicutes|c__Clostridia|o__Lachnospirales|f__Lachnospiraceae|g__unclassified|s__unclassified_unclassified	0	0	0	0	0	0	0	0	0	0	0	0	0	0	0	0	0	4
k__Bacteria|p__Firmicutes|c__Clostridia|o__Lachnospirales|f__Lachnospiraceae|g__unclassified|s__unclassified_unclassified	0	0	0	0	0	0	0	0	0	0	0	0	0	0	243	0	0	0
k__Bacteria|p__Deferribacterota|c__Deferribacteres|o__Deferribacterales|f__Deferribacteraceae|g__Mucispirillum|s__Mucispirillum_schaedleri	0	0	0	0	0	0	0	0	0	27	13	0	0	0	0	0	0	0
k__Bacteria|p__Bacteroidota|c__Bacteroidia|o__Bacteroidales|f__Rikenellaceae|g__Alistipes|s__Alistipes_unclassified	0	0	0	0	7	26	14	9	0	11	9	0	0	28	0	0	0	33
k__Bacteria|p__Firmicutes|c__Clostridia|o__Lachnospirales|f__Lachnospiraceae|g__Lachnospiraceae UCG-006|s__Lachnospiraceae UCG-006_unclassified	0	0	0	0	0	0	0	0	0	0	0	50	30	0	0	0	0	0
k__Bacteria|p__Firmicutes|c__Clostridia|o__Lachnospirales|f__Lachnospiraceae|g__unclassified|s__unclassified_unclassified	0	0	0	0	0	0	0	0	0	0	0	30	0	0	0	0	7	0
k__Bacteria|p__Firmicutes|c__Clostridia|o__Lachnospirales|f__Lachnospiraceae|g__unclassified|s__unclassified_unclassified	0	0	0	0	0	0	0	0	0	0	0	0	30	0	0	0	0	0
k__Bacteria|p__Firmicutes|c__Bacilli|o__Acholeplasmatales|f__Acholeplasmataceae|g__Anaeroplasma|s__Anaeroplasma_unclassified	0	0	0	0	0	0	0	0	0	0	0	119	66	0	0	0	0	0
k__Bacteria|p__Firmicutes|c__Clostridia|o__Clostridia vadinBB60 group|f__unclassified|g__unclassified|s__unclassified_unclassified	0	19	0	8	0	33	0	6	0	36	25	0	0	0	0	0	0	0
k__Bacteria|p__Actinobacteriota|c__Coriobacteriia|o__Coriobacteriales|f__Eggerthellaceae|g__Enterorhabdus|s__Enterorhabdus_unclassified	0	0	0	0	0	0	0	0	0	0	0	11	10	0	0	0	0	0
k__Bacteria|p__Firmicutes|c__Clostridia|o__Clostridia UCG-014|f__unclassified|g__unclassified|s__unclassified_unclassified	0	12	0	12	0	0	0	0	0	0	0	0	0	0	17	0	0	0
k__Bacteria|p__Firmicutes|c__Clostridia|o__Oscillospirales|f__Oscillospiraceae|g__UCG-003|s__UCG-003_unclassified	28	29	0	0	0	0	0	0	0	24	0	0	53	0	0	0	0	0
k__Bacteria|p__Firmicutes|c__Clostridia|o__Lachnospirales|f__Lachnospiraceae|g__Lachnospiraceae UCG-010|s__Lachnospiraceae UCG-010_unclassified	0	0	0	0	0	4	0	0	0	0	0	0	0	0	0	4	0	15
k__Bacteria|p__Firmicutes|c__Clostridia|o__Lachnospirales|f__Lachnospiraceae|g__Roseburia|s__Roseburia_unclassified	0	0	0	0	0	0	0	0	0	7	0	0	0	0	19	0	0	24
k__Bacteria|p__Firmicutes|c__Clostridia|o__Oscillospirales|f__Oscillospiraceae|g__Intestinimonas|s__Intestinimonas_unclassified	0	0	0	0	0	42	0	0	0	0	0	0	56	0	0	0	0	0
k__Bacteria|p__Actinobacteriota|c__Coriobacteriia|o__Coriobacteriales|f__Eggerthellaceae|g__Enterorhabdus|s__Enterorhabdus_unclassified	5	0	3	0	0	0	0	0	0	0	0	18	0	0	0	0	0	0
k__Bacteria|p__Firmicutes|c__Clostridia|o__Lachnospirales|f__Lachnospiraceae|g__UC5-1-2E3|s__UC5-1-2E3_unclassified	0	0	0	0	0	0	14	0	0	38	0	0	0	0	0	0	0	32
k__Bacteria|p__Firmicutes|c__Bacilli|o__Erysipelotrichales|f__Erysipelatoclostridiaceae|g__Erysipelatoclostridium|s__Erysipelatoclostridium_unclassified	0	5	0	0	0	5	0	0	0	7	0	7	0	0	0	0	0	11
k__Bacteria|p__Firmicutes|c__Bacilli|o__Staphylococcales|f__Gemellaceae|g__Gemella|s__Gemella_unclassified	0	0	5	0	0	0	0	9	0	22	10	0	0	15	15	4	3	0
k__Bacteria|p__Firmicutes|c__Clostridia|o__Oscillospirales|f__Ruminococcaceae|g__Incertae Sedis|s__Incertae Sedis_unclassified	0	0	0	0	0	0	0	0	0	11	0	0	0	0	0	10	0	0
k__Bacteria|p__Firmicutes|c__Clostridia|o__Peptostreptococcales-Tissierellales|f__Anaerovoracaceae|g__Family XIII AD3011 group|s__Family XIII AD3011 group_unclassified	0	0	3	0	0	0	5	6	0	8	0	0	0	5	9	0	7	0
k__Bacteria|p__Firmicutes|c__Clostridia|o__Peptococcales|f__Peptococcaceae|g__Peptococcus|s__Peptococcus_unclassified	0	0	0	0	6	4	0	0	0	7	0	0	0	0	4	0	0	0
k__Bacteria|p__Bacteroidota|c__Bacteroidia|o__Bacteroidales|f__Muribaculaceae|g__unclassified|s__unclassified_unclassified	0	0	0	0	0	67	39	44	0	0	0	0	0	0	0	0	33	0
k__Bacteria|p__Firmicutes|c__Bacilli|o__Lactobacillales|f__Lactobacillaceae|g__Lactobacillus|s__Lactobacillus_unclassified	0	0	0	0	0	0	0	0	0	0	0	0	0	0	91	0	0	50
k__Bacteria|p__Firmicutes|c__Clostridia|o__Oscillospirales|f__Oscillospiraceae|g__Intestinimonas|s__Intestinimonas_unclassified	0	0	0	0	0	0	0	22	0	0	0	0	0	0	0	6	0	0
k__Bacteria|p__Bacteroidota|c__Bacteroidia|o__Bacteroidales|f__Muribaculaceae|g__unclassified|s__unclassified_unclassified	0	0	0	0	0	0	0	0	0	0	0	0	19	0	0	0	0	15
k__Bacteria|p__Firmicutes|c__Bacilli|o__Lactobacillales|f__Lactobacillaceae|g__Lactobacillus|s__Lactobacillus_unclassified	0	0	0	0	0	0	0	0	0	0	0	0	0	0	77	0	0	53
k__Bacteria|p__Firmicutes|c__Bacilli|o__Lactobacillales|f__Lactobacillaceae|g__Lactobacillus|s__Lactobacillus_unclassified	0	0	0	0	0	0	0	0	0	0	0	60	55	0	0	0	58	0
k__Bacteria|p__Firmicutes|c__Clostridia|o__Lachnospirales|f__Lachnospiraceae|g__unclassified|s__unclassified_unclassified	0	0	0	0	0	0	0	0	0	0	0	0	8	0	0	0	0	0
k__Bacteria|p__Firmicutes|c__Clostridia|o__Oscillospirales|f__Oscillospiraceae|g__Oscillibacter|s__Oscillibacter_unclassified	0	0	0	0	0	0	0	0	0	0	0	44	114	0	0	0	0	0
k__Bacteria|p__Firmicutes|c__Bacilli|o__Lactobacillales|f__Streptococcaceae|g__Streptococcus|s__Streptococcus_unclassified	0	0	0	0	0	0	0	0	0	0	10	0	0	45	6	29	12	0
k__Bacteria|p__Bacteroidota|c__Bacteroidia|o__Bacteroidales|f__Rikenellaceae|g__Rikenella|s__Rikenella_unclassified	0	0	0	108	0	0	0	0	0	0	0	0	0	0	0	0	0	22
k__Bacteria|p__Firmicutes|c__Clostridia|o__Lachnospirales|f__Lachnospiraceae|g__unclassified|s__unclassified_unclassified	0	0	0	0	0	0	0	0	0	0	0	0	0	0	0	0	0	49
k__Bacteria|p__Firmicutes|c__Clostridia|o__Lachnospirales|f__Lachnospiraceae|g__unclassified|s__unclassified_unclassified	13	0	0	0	0	0	0	0	0	0	0	0	0	0	0	0	0	0
k__Bacteria|p__Firmicutes|c__Clostridia|o__Oscillospirales|f__Ruminococcaceae|g__unclassified|s__unclassified_unclassified	0	0	0	0	0	0	0	0	0	5	0	0	0	0	0	0	0	13
k__Bacteria|p__Firmicutes|c__Clostridia|o__Lachnospirales|f__Lachnospiraceae|g__unclassified|s__unclassified_unclassified	0	0	0	0	0	0	0	0	17	0	0	0	8	0	0	0	0	74
k__Bacteria|p__Firmicutes|c__Clostridia|o__Lachnospirales|f__Lachnospiraceae|g__Lachnospiraceae UCG-004|s__Lachnospiraceae UCG-004_unclassified	0	0	0	0	0	0	0	0	0	0	0	21	41	0	0	0	0	0
k__Bacteria|p__Patescibacteria|c__Saccharimonadia|o__Saccharimonadales|f__Saccharimonadaceae|g__Candidatus Saccharimonas|s__Candidatus Saccharimonas_unclassified	0	0	0	0	0	0	0	0	0	0	0	24	23	0	0	0	0	0
k__Bacteria|p__Bacteroidota|c__Bacteroidia|o__Bacteroidales|f__Muribaculaceae|g__unclassified|s__unclassified_unclassified	0	0	0	0	0	0	0	0	0	14	0	0	24	16	35	37	0	0
k__Bacteria|p__Firmicutes|c__Bacilli|o__Lactobacillales|f__Lactobacillaceae|g__Lactobacillus|s__Lactobacillus_unclassified	0	0	0	45	0	0	0	0	0	0	0	0	0	0	34	0	0	0
k__Bacteria|p__Cyanobacteria|c__Vampirivibrionia|o__Gastranaerophilales|f__unclassified|g__unclassified|s__unclassified_unclassified	0	0	0	0	0	0	0	0	0	4	0	0	0	0	0	0	0	0
k__Bacteria|p__Desulfobacterota|c__Desulfovibrionia|o__Desulfovibrionales|f__Desulfovibrionaceae|g__unclassified|s__unclassified_unclassified	0	0	0	0	0	0	0	0	0	0	0	0	0	0	0	0	30	69
k__Bacteria|p__Firmicutes|c__Clostridia|o__Eubacteriales|f__Anaerofustaceae|g__Anaerofustis|s__Anaerofustis_unclassified	0	3	0	0	0	0	0	0	0	0	0	0	0	0	0	0	0	0
k__Bacteria|p__Firmicutes|c__Clostridia|o__Lachnospirales|f__Lachnospiraceae|g__unclassified|s__unclassified_unclassified	0	0	7	0	0	0	0	0	0	0	0	0	0	0	0	0	0	0
k__Bacteria|p__Firmicutes|c__Clostridia|o__Clostridia UCG-014|f__unclassified|g__unclassified|s__unclassified_unclassified	7	0	0	0	0	0	0	8	0	31	0	6	0	12	15	0	0	0
k__Bacteria|p__Patescibacteria|c__Saccharimonadia|o__Saccharimonadales|f__Saccharimonadaceae|g__Candidatus Saccharimonas|s__Candidatus Saccharimonas_unclassified	0	0	0	0	0	0	0	0	0	34	0	0	0	0	0	0	0	0
k__Bacteria|p__Firmicutes|c__Clostridia|o__Clostridia vadinBB60 group|f__unclassified|g__unclassified|s__unclassified_unclassified	0	4	0	0	18	4	0	18	0	29	9	0	0	0	0	0	0	0
k__Bacteria|p__Proteobacteria|c__Alphaproteobacteria|o__Rickettsiales|f__unclassified|g__unclassified|s__unclassified_unclassified	0	0	0	0	0	5	0	28	0	0	0	0	8	0	0	0	0	9
k__Bacteria|p__Firmicutes|c__Bacilli|o__Lactobacillales|f__Streptococcaceae|g__Lactococcus|s__Lactococcus_lactis	0	0	0	0	0	0	0	9	0	0	0	4	14	0	0	0	0	0
k__Bacteria|p__Firmicutes|c__Clostridia|o__Lachnospirales|f__Lachnospiraceae|g__unclassified|s__unclassified_unclassified	0	0	0	0	0	0	0	0	0	0	0	0	0	0	68	0	0	0
k__Bacteria|p__Firmicutes|c__Clostridia|o__Lachnospirales|f__Lachnospiraceae|g__unclassified|s__unclassified_unclassified	0	0	0	0	0	0	0	0	5	0	0	0	0	0	0	0	0	19
k__Bacteria|p__Firmicutes|c__Clostridia|o__Lachnospirales|f__Lachnospiraceae|g__unclassified|s__unclassified_unclassified	0	0	0	9	0	0	0	0	0	0	0	0	0	0	0	0	0	0
k__Bacteria|p__Firmicutes|c__Clostridia|o__Lachnospirales|f__Lachnospiraceae|g__unclassified|s__unclassified_unclassified	0	0	0	0	0	0	0	12	0	0	0	0	0	0	0	0	0	0
k__Bacteria|p__Firmicutes|c__Clostridia|o__Oscillospirales|f__Ruminococcaceae|g__Anaerotruncus|s__Anaerotruncus_unclassified	0	0	0	0	0	13	0	0	0	27	23	0	0	0	0	0	0	0
k__Bacteria|p__Firmicutes|c__Clostridia|o__Lachnospirales|f__Lachnospiraceae|g__unclassified|s__unclassified_unclassified	0	0	0	0	0	9	8	10	0	16	0	0	0	6	23	0	0	0
k__Bacteria|p__Firmicutes|c__Clostridia|o__Clostridia UCG-014|f__unclassified|g__unclassified|s__unclassified_unclassified	0	0	0	0	0	0	0	25	0	0	0	0	0	0	0	0	0	0
k__Bacteria|p__Firmicutes|c__Clostridia|o__Peptostreptococcales-Tissierellales|f__Anaerovoracaceae|g__[Eubacterium] brachy group|s__[Eubacterium] brachy group_unclassified	0	6	0	0	0	0	0	0	0	0	0	0	20	0	0	0	0	11
k__Bacteria|p__Firmicutes|c__Clostridia|o__Clostridia vadinBB60 group|f__unclassified|g__unclassified|s__unclassified_unclassified	0	0	0	0	0	0	16	0	0	0	0	0	0	0	0	0	0	23
k__Bacteria|p__Firmicutes|c__Clostridia|o__Oscillospirales|f__Ruminococcaceae|g__unclassified|s__unclassified_unclassified	0	0	0	0	0	0	0	0	0	0	0	0	0	0	0	0	0	21
k__Bacteria|p__Actinobacteriota|c__Coriobacteriia|o__Coriobacteriales|f__Atopobiaceae|g__Coriobacteriaceae UCG-002|s__Coriobacteriaceae UCG-002_unclassified	0	0	0	0	0	0	0	0	0	0	0	5	0	0	0	0	0	0
k__Bacteria|p__Firmicutes|c__Clostridia|o__Peptostreptococcales-Tissierellales|f__Anaerovoracaceae|g__[Eubacterium] brachy group|s__[Eubacterium] brachy group_unclassified	0	0	0	0	0	0	0	0	0	0	0	0	3	0	0	0	0	0
k__Bacteria|p__Firmicutes|c__Clostridia|o__Lachnospirales|f__Lachnospiraceae|g__Lachnospiraceae UCG-004|s__Lachnospiraceae UCG-004_unclassified	23	0	0	0	0	0	0	0	0	0	0	0	0	0	0	0	0	0
k__Bacteria|p__Bacteroidota|c__Bacteroidia|o__Bacteroidales|f__Bacteroidaceae|g__Bacteroides|s__Bacteroides_uniformis	0	0	0	0	0	8	10	8	0	13	0	0	0	0	0	0	0	0
k__Bacteria|p__Firmicutes|c__Clostridia|o__Clostridia vadinBB60 group|f__unclassified|g__unclassified|s__unclassified_unclassified	0	0	0	0	0	0	0	0	0	0	0	0	0	26	0	0	0	17
k__Bacteria|p__Firmicutes|c__Clostridia|o__Oscillospirales|f__Ruminococcaceae|g__Incertae Sedis|s__Incertae Sedis_unclassified	0	14	0	0	0	0	0	0	0	0	0	0	0	0	13	0	0	0
k__Bacteria|p__Firmicutes|c__Clostridia|o__Peptococcales|f__Peptococcaceae|g__Peptococcus|s__Peptococcus_unclassified	0	0	0	0	0	0	0	0	0	0	0	6	4	0	0	0	4	7
k__Bacteria|p__Deferribacterota|c__Deferribacteres|o__Deferribacterales|f__Deferribacteraceae|g__unclassified|s__unclassified_unclassified	13	2	0	0	0	0	0	0	0	5	0	0	0	0	2	0	0	6
k__Bacteria|p__Cyanobacteria|c__Vampirivibrionia|o__Gastranaerophilales|f__unclassified|g__unclassified|s__unclassified_unclassified	0	0	0	0	0	0	0	0	0	0	0	0	0	0	0	99	0	0
k__Bacteria|p__Firmicutes|c__Clostridia|o__Clostridia UCG-014|f__unclassified|g__unclassified|s__unclassified_unclassified	0	0	0	0	0	0	0	0	0	30	24	0	0	24	22	0	0	0
k__Bacteria|p__Firmicutes|c__Clostridia|o__Oscillospirales|f__Oscillospiraceae|g__unclassified|s__unclassified_unclassified	0	0	0	0	0	0	0	9	0	13	11	0	0	0	0	0	0	4
k__Bacteria|p__Firmicutes|c__Bacilli|o__Lactobacillales|f__Lactobacillaceae|g__Lactobacillus|s__Lactobacillus_unclassified	0	0	0	0	0	0	0	0	0	0	0	41	0	0	0	0	32	0
k__Bacteria|p__Firmicutes|c__Clostridia|o__Lachnospirales|f__Lachnospiraceae|g__ASF356|s__ASF356_unclassified	0	0	0	0	0	0	0	0	0	0	0	0	0	0	0	0	0	30
k__Bacteria|p__Actinobacteriota|c__Coriobacteriia|o__Coriobacteriales|f__Eggerthellaceae|g__Enterorhabdus|s__Enterorhabdus_unclassified	0	0	0	0	0	0	0	0	0	0	0	0	0	0	0	7	0	0
k__Bacteria|p__Firmicutes|c__Clostridia|o__Oscillospirales|f__Oscillospiraceae|g__Intestinimonas|s__Intestinimonas_unclassified	0	0	0	0	0	0	0	0	0	0	0	0	27	0	11	0	0	0
k__Bacteria|p__Firmicutes|c__Clostridia|o__Lachnospirales|f__Lachnospiraceae|g__Lachnospiraceae FCS020 group|s__Lachnospiraceae FCS020 group_unclassified	0	0	0	0	0	0	0	0	0	51	40	0	0	0	0	0	0	0
k__Bacteria|p__Patescibacteria|c__Saccharimonadia|o__Saccharimonadales|f__Saccharimonadaceae|g__Candidatus Saccharimonas|s__Candidatus Saccharimonas_unclassified	0	0	0	0	0	46	0	0	0	0	0	0	0	0	0	0	0	0
k__Bacteria|p__Bacteroidota|c__Bacteroidia|o__Bacteroidales|f__Muribaculaceae|g__unclassified|s__unclassified_unclassified	0	0	0	0	0	0	0	0	0	23	0	0	0	0	0	0	11	0
k__Bacteria|p__Bacteroidota|c__Bacteroidia|o__Bacteroidales|f__Muribaculaceae|g__unclassified|s__unclassified_unclassified	0	0	0	0	0	0	0	0	0	16	0	0	0	0	15	20	0	0
k__Bacteria|p__Actinobacteriota|c__Coriobacteriia|o__Coriobacteriales|f__Eggerthellaceae|g__unclassified|s__unclassified_unclassified	0	0	0	0	0	0	0	0	0	0	0	12	8	0	0	0	0	0
k__Bacteria|p__Firmicutes|c__Bacilli|o__Lactobacillales|f__Streptococcaceae|g__Lactococcus|s__Lactococcus_unclassified	0	0	9	0	0	0	0	0	0	0	0	9	0	0	0	0	0	0
k__Bacteria|p__Firmicutes|c__Clostridia|o__Oscillospirales|f__Ruminococcaceae|g__unclassified|s__unclassified_unclassified	0	0	0	0	0	0	0	0	0	0	0	0	0	0	0	0	0	27
k__Bacteria|p__Bacteroidota|c__Bacteroidia|o__Bacteroidales|f__Muribaculaceae|g__unclassified|s__unclassified_unclassified	0	0	0	0	0	0	0	0	0	16	13	0	0	0	0	0	0	0
k__Bacteria|p__Firmicutes|c__Clostridia|o__Lachnospirales|f__Lachnospiraceae|g__unclassified|s__unclassified_unclassified	0	0	0	0	0	0	0	0	0	0	0	0	8	0	0	0	0	9
k__Bacteria|p__Firmicutes|c__Clostridia|o__Oscillospirales|f__Oscillospiraceae|g__Colidextribacter|s__Colidextribacter_unclassified	0	0	0	0	0	0	0	0	0	0	0	0	16	0	0	0	0	0
k__Bacteria|p__Firmicutes|c__Bacilli|o__RF39|f__unclassified|g__unclassified|s__unclassified_unclassified	0	0	0	0	0	0	0	10	0	11	0	0	0	0	13	0	0	0
k__Bacteria|p__Firmicutes|c__Clostridia|o__Lachnospirales|f__Lachnospiraceae|g__unclassified|s__unclassified_unclassified	0	0	0	0	0	0	0	0	0	0	0	0	11	0	0	0	0	0
k__Bacteria|p__Firmicutes|c__Bacilli|o__Mycoplasmatales|f__Mycoplasmataceae|g__Ureaplasma|s__Ureaplasma_unclassified	0	0	0	0	0	0	0	0	0	0	0	0	0	4	0	8	0	9
k__Bacteria|p__Firmicutes|c__Clostridia|o__Lachnospirales|f__Lachnospiraceae|g__unclassified|s__unclassified_unclassified	0	0	0	0	0	0	0	0	0	0	0	0	0	4	16	0	0	0
k__Bacteria|p__Patescibacteria|c__Saccharimonadia|o__Saccharimonadales|f__Saccharimonadaceae|g__Candidatus Saccharimonas|s__Candidatus Saccharimonas_unclassified	0	0	0	0	0	0	0	0	0	0	0	0	0	14	13	0	0	0
k__Bacteria|p__Firmicutes|c__Clostridia|o__Oscillospirales|f__Ruminococcaceae|g__Incertae Sedis|s__Incertae Sedis_unclassified	0	0	0	0	0	7	0	0	0	13	0	0	0	0	0	0	0	0
k__Bacteria|p__Firmicutes|c__Bacilli|o__Mycoplasmatales|f__Mycoplasmataceae|g__Mycoplasma|s__Mycoplasma_unclassified	0	0	0	0	0	0	0	0	0	0	0	0	6	0	0	0	0	0
k__Bacteria|p__Firmicutes|c__Clostridia|o__Lachnospirales|f__Lachnospiraceae|g__Lachnospiraceae AC2044 group|s__Lachnospiraceae AC2044 group_unclassified	0	0	0	0	0	0	0	0	0	26	0	0	0	0	31	0	0	0
k__Bacteria|p__Desulfobacterota|c__Desulfovibrionia|o__Desulfovibrionales|f__Desulfovibrionaceae|g__Desulfovibrio|s__Desulfovibrio_unclassified	0	0	0	0	0	10	0	0	0	0	0	0	0	0	0	0	0	22
k__Bacteria|p__Firmicutes|c__Clostridia|o__Peptostreptococcales-Tissierellales|f__Anaerovoracaceae|g__[Eubacterium] nodatum group|s__[Eubacterium] nodatum group_unclassified	0	0	0	0	0	0	0	0	0	12	0	0	0	0	0	0	0	0
k__Bacteria|p__Firmicutes|c__Clostridia|o__Lachnospirales|f__Lachnospiraceae|g__Acetatifactor|s__Acetatifactor_unclassified	0	0	0	0	0	0	0	11	0	0	0	0	0	0	0	0	0	23
k__Bacteria|p__Firmicutes|c__Clostridia|o__Clostridia UCG-014|f__unclassified|g__unclassified|s__unclassified_unclassified	0	0	0	0	0	0	0	0	0	21	8	0	0	0	10	0	0	0
k__Bacteria|p__Bacteroidota|c__Bacteroidia|o__Bacteroidales|f__Bacteroidaceae|g__Bacteroides|s__Bacteroides_unclassified	0	0	0	0	0	0	0	0	0	0	0	0	0	0	0	43	0	0
k__Bacteria|p__Firmicutes|c__Clostridia|o__Clostridia UCG-014|f__unclassified|g__unclassified|s__unclassified_unclassified	0	0	0	0	0	7	0	0	0	0	0	0	0	0	9	0	0	0
k__Bacteria|p__Firmicutes|c__Clostridia|o__Lachnospirales|f__Lachnospiraceae|g__unclassified|s__unclassified_unclassified	0	0	0	0	0	5	10	0	0	0	0	0	0	0	9	0	0	0
k__Bacteria|p__Patescibacteria|c__Saccharimonadia|o__Saccharimonadales|f__Saccharimonadaceae|g__Candidatus Saccharimonas|s__Candidatus Saccharimonas_unclassified	0	0	0	0	0	0	0	0	4	0	0	0	0	0	0	0	0	21
k__Bacteria|p__Firmicutes|c__Clostridia|o__Oscillospirales|f__UCG-010|g__unclassified|s__unclassified_unclassified	0	0	0	0	0	5	0	5	0	8	2	0	0	5	9	0	0	0
k__Bacteria|p__Firmicutes|c__Clostridia|o__Oscillospirales|f__Ruminococcaceae|g__unclassified|s__unclassified_unclassified	0	0	0	0	0	0	0	0	0	0	0	0	0	0	0	0	7	21
k__Bacteria|p__Firmicutes|c__Bacilli|o__Bacillales|f__Bacillaceae|g__Anaerobacillus|s__Anaerobacillus_unclassified	0	0	0	0	0	8	0	0	0	0	0	0	0	0	0	0	0	0
k__Bacteria|p__Firmicutes|c__Bacilli|o__Erysipelotrichales|f__Erysipelotrichaceae|g__unclassified|s__unclassified_unclassified	0	0	0	0	0	0	0	0	0	0	0	0	0	0	6	0	0	0
k__Bacteria|p__Actinobacteriota|c__Coriobacteriia|o__Coriobacteriales|f__Eggerthellaceae|g__Enterorhabdus|s__Enterorhabdus_unclassified	0	0	0	0	0	0	0	0	0	0	0	14	11	0	0	0	0	0
k__Bacteria|p__Firmicutes|c__Bacilli|o__RF39|f__unclassified|g__unclassified|s__unclassified_unclassified	0	8	0	0	0	0	0	0	0	0	0	5	5	0	0	0	0	0
k__Bacteria|p__Firmicutes|c__Clostridia|o__Oscillospirales|f__Ruminococcaceae|g__unclassified|s__unclassified_unclassified	0	0	0	0	0	0	0	0	0	0	0	0	0	0	10	0	0	0
k__Bacteria|p__Cyanobacteria|c__Cyanobacteriia|o__Chloroplast|f__unclassified|g__unclassified|s__unclassified_unclassified	0	0	0	0	0	0	0	0	0	0	0	0	0	5	0	0	0	0
k__Bacteria|p__Firmicutes|c__Clostridia|o__Lachnospirales|f__Lachnospiraceae|g__unclassified|s__unclassified_unclassified	0	0	0	0	0	0	0	0	0	0	0	0	0	0	41	0	0	0
k__Bacteria|p__Firmicutes|c__Clostridia|o__Lachnospirales|f__Lachnospiraceae|g__Lachnospiraceae NK4A136 group|s__Lachnospiraceae NK4A136 group_unclassified	10	0	0	0	0	0	0	0	0	0	0	0	0	0	0	0	0	0
k__Bacteria|p__Firmicutes|c__Bacilli|o__RF39|f__unclassified|g__unclassified|s__unclassified_unclassified	4	0	0	0	0	12	0	0	0	8	0	0	0	0	0	0	0	0
k__Bacteria|p__Firmicutes|c__Clostridia|o__Lachnospirales|f__Lachnospiraceae|g__Acetatifactor|s__Acetatifactor_unclassified	0	0	0	0	0	0	0	0	0	17	0	0	0	0	0	0	0	0
k__Bacteria|p__Firmicutes|c__Bacilli|o__RF39|f__unclassified|g__unclassified|s__unclassified_unclassified	0	0	0	0	0	0	0	0	0	20	3	0	0	0	0	0	0	0
k__Bacteria|p__Firmicutes|c__Clostridia|o__Clostridia UCG-014|f__unclassified|g__unclassified|s__unclassified_unclassified	0	0	0	0	0	0	0	0	0	11	12	0	0	0	0	0	0	0
k__Bacteria|p__Firmicutes|c__Clostridia|o__Lachnospirales|f__Lachnospiraceae|g__unclassified|s__unclassified_unclassified	0	0	8	0	0	0	0	0	0	10	0	0	0	0	0	0	0	0
k__Bacteria|p__Firmicutes|c__Clostridia|o__Clostridia UCG-014|f__unclassified|g__unclassified|s__unclassified_unclassified	0	0	0	0	7	0	0	0	0	22	0	0	0	0	0	0	0	0
k__Bacteria|p__Firmicutes|c__Clostridia|o__Lachnospirales|f__Lachnospiraceae|g__Roseburia|s__Roseburia_unclassified	0	0	0	0	0	0	0	0	0	0	0	0	0	0	0	17	0	0
k__Bacteria|p__Firmicutes|c__Clostridia|o__Lachnospirales|f__Lachnospiraceae|g__Lachnospiraceae NK4A136 group|s__Lachnospiraceae NK4A136 group_unclassified	0	0	0	0	0	0	0	0	0	0	0	0	0	0	0	33	0	0
k__Bacteria|p__Bacteroidota|c__Bacteroidia|o__Bacteroidales|f__Muribaculaceae|g__unclassified|s__unclassified_unclassified	0	0	0	0	12	4	0	6	0	0	0	0	0	0	0	0	0	0
k__Bacteria|p__Actinobacteriota|c__Coriobacteriia|o__Coriobacteriales|f__Eggerthellaceae|g__unclassified|s__unclassified_unclassified	0	0	0	0	0	0	0	0	0	0	4	0	0	0	0	0	0	0
k__Bacteria|p__Bacteroidota|c__Bacteroidia|o__Bacteroidales|f__Rikenellaceae|g__Alistipes|s__Alistipes_inops	0	0	0	0	0	0	0	0	0	0	0	0	0	14	5	0	0	0
k__Bacteria|p__Bacteroidota|c__Bacteroidia|o__Bacteroidales|f__Bacteroidaceae|g__Bacteroides|s__Bacteroides_thetaiotaomicron	0	0	0	0	0	0	0	0	0	16	14	0	0	0	0	0	0	0
k__Bacteria|p__Firmicutes|c__Clostridia|o__Lachnospirales|f__Lachnospiraceae|g__unclassified|s__unclassified_unclassified	0	12	0	0	0	0	0	0	0	0	0	0	0	0	0	0	0	0
k__Bacteria|p__Firmicutes|c__Clostridia|o__Lachnospirales|f__Lachnospiraceae|g__unclassified|s__unclassified_unclassified	0	0	0	0	0	0	0	0	0	0	4	0	0	0	0	0	0	0
k__Bacteria|p__Firmicutes|c__Clostridia|o__Clostridia UCG-014|f__unclassified|g__unclassified|s__unclassified_unclassified	0	0	0	0	0	0	0	0	0	16	13	0	0	0	0	0	0	0
k__Bacteria|p__Firmicutes|c__Clostridia|o__Oscillospirales|f__Ruminococcaceae|g__Harryflintia|s__Harryflintia_unclassified	0	0	0	0	0	0	0	8	0	0	0	0	0	0	0	0	0	0
k__Bacteria|p__Firmicutes|c__Clostridia|o__Clostridia UCG-014|f__unclassified|g__unclassified|s__unclassified_unclassified	0	0	0	0	0	0	0	0	0	0	0	17	6	0	0	0	0	0
k__Bacteria|p__Firmicutes|c__Clostridia|o__Clostridia vadinBB60 group|f__unclassified|g__unclassified|s__unclassified_unclassified	0	0	0	0	0	0	0	0	0	0	0	0	0	0	0	0	0	10
k__Bacteria|p__Bacteroidota|c__Bacteroidia|o__Bacteroidales|f__Muribaculaceae|g__unclassified|s__unclassified_unclassified	0	0	0	0	0	0	0	0	0	28	0	0	0	0	0	0	0	0
k__Bacteria|p__Firmicutes|c__Bacilli|o__Lactobacillales|f__Lactobacillaceae|g__Lactobacillus|s__Lactobacillus_unclassified	0	0	0	0	0	0	0	4	0	0	0	0	0	0	0	0	0	0
k__Bacteria|p__Firmicutes|c__Clostridia|o__Clostridia vadinBB60 group|f__unclassified|g__unclassified|s__unclassified_unclassified	0	0	0	0	0	0	0	0	0	7	0	0	0	0	0	0	0	0
k__Bacteria|p__Firmicutes|c__Clostridia|o__Lachnospirales|f__Lachnospiraceae|g__unclassified|s__unclassified_unclassified	0	0	0	0	0	0	0	0	0	13	0	0	0	0	0	0	0	0
k__Bacteria|p__Firmicutes|c__Clostridia|o__Oscillospirales|f__Oscillospiraceae|g__UCG-005|s__UCG-005_unclassified	0	0	0	0	0	0	0	0	0	6	0	0	0	0	0	0	0	0
k__Bacteria|p__Firmicutes|c__Clostridia|o__Oscillospirales|f__UCG-010|g__unclassified|s__unclassified_unclassified	0	0	0	0	7	0	0	0	0	0	0	0	0	0	0	0	0	0
k__Bacteria|p__Bacteroidota|c__Bacteroidia|o__Bacteroidales|f__Prevotellaceae|g__Prevotellaceae UCG-001|s__Prevotellaceae UCG-001_unclassified	0	0	0	0	0	0	0	4	0	0	0	0	0	0	0	0	0	0
k__Bacteria|p__Firmicutes|c__Clostridia|o__Clostridia UCG-014|f__unclassified|g__unclassified|s__unclassified_unclassified	0	0	0	0	0	0	0	20	0	0	0	0	0	0	0	0	0	0
k__Bacteria|p__Firmicutes|c__Clostridia|o__Oscillospirales|f__Ruminococcaceae|g__unclassified|s__unclassified_unclassified	0	0	0	0	0	0	0	0	0	9	0	0	0	0	0	0	0	0
k__Bacteria|p__Verrucomicrobiota|c__Verrucomicrobiae|o__Opitutales|f__Puniceicoccaceae|g__unclassified|s__unclassified_unclassified	0	0	0	6	0	0	0	0	0	0	0	0	0	0	0	0	0	0
k__Bacteria|p__Bacteroidota|c__Bacteroidia|o__Bacteroidales|f__Rikenellaceae|g__Alistipes|s__Alistipes_unclassified	0	0	0	0	0	0	0	0	0	0	0	0	0	18	0	0	0	0
k__Bacteria|p__Firmicutes|c__Bacilli|o__Lactobacillales|f__Streptococcaceae|g__Lactococcus|s__Lactococcus_unclassified	0	0	0	0	4	0	0	0	0	0	0	0	0	13	0	0	0	0
k__Bacteria|p__Firmicutes|c__Clostridia|o__Clostridia vadinBB60 group|f__unclassified|g__unclassified|s__unclassified_unclassified	0	0	0	0	0	0	0	0	0	10	0	0	0	0	0	0	0	0
k__Bacteria|p__Firmicutes|c__Clostridia|o__Lachnospirales|f__Lachnospiraceae|g__Marvinbryantia|s__Marvinbryantia_unclassified	0	0	0	0	0	0	0	0	0	0	0	0	0	0	0	16	0	0
k__Bacteria|p__Firmicutes|c__Clostridia|o__Peptococcales|f__Peptococcaceae|g__unclassified|s__unclassified_unclassified	0	0	0	0	0	9	0	0	0	0	0	0	0	0	0	0	0	0
k__Bacteria|p__Firmicutes|c__Clostridia|o__Clostridia UCG-014|f__unclassified|g__unclassified|s__unclassified_unclassified	0	5	0	0	0	0	0	0	0	0	0	0	0	0	0	0	0	0
k__Bacteria|p__Firmicutes|c__Clostridia|o__Clostridia UCG-014|f__unclassified|g__unclassified|s__unclassified_unclassified	0	0	0	0	15	0	0	0	0	0	0	0	0	0	0	0	0	0
k__Bacteria|p__Firmicutes|c__Clostridia|o__Clostridia UCG-014|f__unclassified|g__unclassified|s__unclassified_unclassified	0	0	0	0	0	0	0	0	0	0	0	0	0	12	0	0	0	0
k__Bacteria|p__Firmicutes|c__Clostridia|o__Oscillospirales|f__Ruminococcaceae|g__unclassified|s__unclassified_unclassified	0	0	0	0	0	0	0	0	0	0	0	0	0	0	0	14	0	0
k__Bacteria|p__Proteobacteria|c__Gammaproteobacteria|o__Burkholderiales|f__Burkholderiaceae|g__Burkholderia-Caballeronia-Paraburkholderia|s__Burkholderia-Caballeronia-Paraburkholderia_unclassified	2	0	0	0	0	0	0	0	0	0	0	0	0	0	0	0	0	0
k__Bacteria|p__Firmicutes|c__Clostridia|o__Oscillospirales|f__Oscillospiraceae|g__Colidextribacter|s__Colidextribacter_unclassified	0	0	0	0	0	0	0	0	0	0	0	0	0	0	0	13	0	0
k__Bacteria|p__Patescibacteria|c__Saccharimonadia|o__Saccharimonadales|f__Saccharimonadaceae|g__Candidatus Saccharimonas|s__Candidatus Saccharimonas_unclassified	0	0	0	3	0	0	0	0	0	0	0	0	0	2	0	0	0	0
k__Bacteria|p__Firmicutes|c__Clostridia|o__Lachnospirales|f__Lachnospiraceae|g__GCA-900066575|s__GCA-900066575_unclassified	0	0	0	0	0	0	0	12	0	0	0	0	0	0	0	0	0	0
k__Bacteria|p__Firmicutes|c__Clostridia|o__Clostridia UCG-014|f__unclassified|g__unclassified|s__unclassified_unclassified	0	0	0	0	0	0	0	0	0	12	0	0	0	0	0	0	0	0
k__Bacteria|p__Firmicutes|c__Clostridia|o__Clostridia vadinBB60 group|f__unclassified|g__unclassified|s__unclassified_unclassified	0	0	0	0	0	0	0	0	0	6	0	0	0	0	0	6	0	0
k__Bacteria|p__Desulfobacterota|c__Desulfovibrionia|o__Desulfovibrionales|f__Desulfovibrionaceae|g__Desulfovibrio|s__Desulfovibrio_unclassified	0	0	0	0	0	0	0	0	0	0	0	0	0	0	0	0	0	12
